sample_id,mission_id,timestamp,latitude,longitude,altitude,ph,ec,moisture,nitrogen,phosphorus,potassium,rover_state
S0001,M001,2026-08-20T16:01:32.654731,11.391874,77.735029,320.0,6.9,0.7,47.4,318.1,141.3,88.6,INTERROGATION
S0002,M001,2026-08-20T16:11:32.654731,11.391236,77.735064,320.0,6.8,0.67,46.8,316.3,136.0,79.3,INTERROGATION
S0003,M001,2026-08-20T16:21:32.654731,11.391977,77.733816,320.0,6.7,0.66,45.7,308.7,140.9,129.1,INTERROGATION
S0004,M001,2026-08-20T16:31:32.654731,11.391559,77.734226,320.0,6.8,0.65,45.1,323.0,132.6,128.8,INTERROGATION
S0005,M001,2026-08-20T16:41:32.654731,11.392432,77.73409,320.0,6.8,0.62,50.1,310.2,135.8,122.2,INTERROGATION
S0006,M001,2026-08-20T16:51:32.654731,11.392184,77.733621,320.0,6.9,0.66,47.7,317.6,129.1,127.1,INTERROGATION
S0007,M001,2026-08-20T17:01:32.654731,11.392692,77.733937,320.0,6.8,0.6,48.8,208.5,132.3,132.4,INTERROGATION
S0008,M001,2026-08-20T17:11:32.654731,11.391209,77.73478,320.0,6.9,0.68,45.9,317.5,136.3,86.7,INTERROGATION
S0009,M001,2026-08-20T17:21:32.654731,11.391795,77.733398,320.0,6.7,1.35,50.0,330.8,134.7,134.0,INTERROGATION
S0010,M001,2026-08-20T17:31:32.654731,11.391415,77.734592,320.0,6.8,0.7,47.9,332.5,124.5,81.3,INTERROGATION
S0011,M001,2026-08-20T17:41:32.654731,11.391245,77.733479,320.0,6.8,1.37,48.2,304.1,134.1,131.4,INTERROGATION
S0012,M001,2026-08-20T17:51:32.654731,11.391939,77.73467,320.0,6.7,0.63,50.3,322.6,132.9,86.3,INTERROGATION
S0013,M001,2026-08-20T18:01:32.654731,11.392807,77.734272,320.0,6.7,0.64,47.0,308.3,136.2,131.0,INTERROGATION
S0014,M001,2026-08-20T18:11:32.654731,11.391212,77.73422,320.0,6.7,0.64,47.1,313.6,134.4,131.6,INTERROGATION
S0015,M001,2026-08-20T18:21:32.654731,11.392134,77.734573,320.0,6.8,0.65,43.2,319.8,135.2,104.6,INTERROGATION
S0016,M001,2026-08-20T18:31:32.654731,11.391292,77.733793,320.0,6.8,1.42,47.9,310.7,139.6,133.0,INTERROGATION
S0017,M001,2026-08-20T18:41:32.654731,11.391627,77.73462,320.0,6.9,0.61,49.5,337.5,131.0,74.2,INTERROGATION
S0018,M001,2026-08-20T18:51:32.654731,11.391273,77.734367,320.0,6.7,0.65,45.3,323.8,131.3,136.2,INTERROGATION
S0019,M001,2026-08-20T19:01:32.654731,11.392887,77.733534,320.0,6.7,0.64,50.0,200.5,135.9,135.2,INTERROGATION
S0020,M001,2026-08-20T19:11:32.654731,11.392153,77.733725,320.0,6.8,0.67,44.9,309.4,137.1,131.2,INTERROGATION
S0021,M001,2026-08-20T19:21:32.654731,11.392797,77.734714,320.0,6.7,0.66,48.7,314.3,84.4,131.9,INTERROGATION
S0022,M001,2026-08-20T19:31:32.654731,11.392374,77.733693,320.0,6.7,0.67,50.9,203.8,138.9,131.7,INTERROGATION
S0023,M001,2026-08-20T19:41:32.654731,11.392384,77.734326,320.0,6.6,0.63,45.8,313.5,134.7,131.4,INTERROGATION
S0024,M001,2026-08-20T19:51:32.654731,11.392806,77.734441,320.0,6.8,0.69,47.3,341.8,85.8,126.6,INTERROGATION
S0025,M001,2026-08-20T20:01:32.654731,11.391705,77.733326,320.0,6.7,1.4,47.4,325.7,136.9,129.7,INTERROGATION
S0026,M001,2026-08-20T20:11:32.654731,11.392935,77.734849,320.0,6.7,0.6,46.9,326.9,82.6,125.0,INTERROGATION
S0027,M001,2026-08-20T20:21:32.654731,11.392886,77.73456,320.0,6.7,0.65,48.1,310.9,83.1,132.2,INTERROGATION
S0028,M001,2026-08-20T20:31:32.654731,11.392455,77.734572,320.0,6.7,0.62,49.3,324.1,81.7,145.4,INTERROGATION
S0029,M001,2026-08-20T20:41:32.654731,11.392637,77.734476,320.0,6.9,0.67,47.2,326.1,77.1,129.1,INTERROGATION
S0030,M001,2026-08-20T20:51:32.654731,11.392241,77.733347,320.0,7.0,0.59,49.7,307.1,133.1,134.4,INTERROGATION
S0031,M001,2026-08-20T21:01:32.654731,11.391428,77.734241,320.0,6.7,0.67,46.2,321.7,135.2,127.4,INTERROGATION
S0032,M001,2026-08-20T21:11:32.654731,11.392173,77.734453,320.0,6.3,0.66,46.3,326.8,131.8,98.4,INTERROGATION
S0033,M001,2026-08-20T21:21:32.654731,11.391245,77.73505,320.0,6.8,0.68,45.0,317.3,133.1,83.6,INTERROGATION
S0034,M001,2026-08-20T21:31:32.654731,11.392189,77.734594,320.0,6.7,0.68,53.3,328.3,128.9,95.3,INTERROGATION
S0035,M001,2026-08-20T21:41:32.654731,11.39184,77.734674,320.0,6.8,0.67,45.7,319.5,122.0,76.4,INTERROGATION
S0036,M001,2026-08-20T21:51:32.654731,11.391511,77.734078,320.0,6.9,0.61,46.9,321.0,140.8,124.3,INTERROGATION
S0037,M001,2026-08-20T22:01:32.654731,11.392106,77.734855,320.0,6.7,0.66,48.5,315.2,135.3,90.9,INTERROGATION
S0038,M001,2026-08-20T22:11:32.654731,11.392893,77.734339,320.0,6.9,0.61,53.3,304.4,134.4,132.4,INTERROGATION
S0039,M001,2026-08-20T22:21:32.654731,11.392931,77.734945,320.0,6.8,0.63,47.5,316.1,80.9,133.4,INTERROGATION
S0040,M001,2026-08-20T22:31:32.654731,11.391412,77.734562,320.0,6.9,0.66,50.0,325.0,131.7,76.4,INTERROGATION
S0041,M001,2026-08-20T22:41:32.654731,11.392552,77.734764,320.0,6.8,0.65,51.2,315.3,77.8,129.2,INTERROGATION
S0042,M001,2026-08-20T22:51:32.654731,11.392746,77.734069,320.0,6.9,0.67,51.3,320.2,137.7,128.8,INTERROGATION
S0043,M001,2026-08-20T23:01:32.654731,11.3919,77.733301,320.0,6.8,1.28,48.2,324.8,131.7,138.4,INTERROGATION
S0044,M001,2026-08-20T23:11:32.654731,11.391727,77.733885,320.0,6.9,1.44,49.6,325.0,135.0,126.4,INTERROGATION
S0045,M001,2026-08-20T23:21:32.654731,11.391303,77.734291,320.0,6.9,0.65,45.9,317.4,136.7,127.7,INTERROGATION
S0046,M001,2026-08-20T23:31:32.654731,11.392313,77.733467,320.0,6.8,0.63,46.8,220.7,129.2,124.4,INTERROGATION
S0047,M001,2026-08-20T23:41:32.654731,11.392664,77.735022,320.0,6.7,0.64,48.8,331.8,83.5,129.4,INTERROGATION
S0048,M001,2026-08-20T23:51:32.654731,11.391399,77.734186,320.0,6.8,0.64,48.8,313.4,137.1,136.1,INTERROGATION
S0049,M001,2026-08-21T00:01:32.654731,11.392933,77.73397,320.0,6.9,0.64,48.6,224.5,135.4,126.9,INTERROGATION
S0050,M001,2026-08-21T00:11:32.654731,11.392946,77.734242,320.0,6.9,0.68,53.4,313.9,138.5,130.7,INTERROGATION
S0051,M001,2026-08-21T00:21:32.654731,11.391281,77.733797,320.0,7.0,1.38,45.9,315.2,126.5,127.9,INTERROGATION
S0052,M001,2026-08-21T00:31:32.654731,11.392251,77.733424,320.0,6.8,0.71,50.4,315.4,131.4,132.0,INTERROGATION
S0053,M001,2026-08-21T00:41:32.654731,11.39284,77.734793,320.0,6.7,0.7,50.9,316.2,71.1,135.4,INTERROGATION
S0054,M001,2026-08-21T00:51:32.654731,11.392947,77.734829,320.0,6.8,0.69,44.0,315.2,81.9,130.2,INTERROGATION
S0055,M001,2026-08-21T01:01:32.654731,11.392585,77.735018,320.0,6.8,0.67,45.3,318.9,80.5,132.1,INTERROGATION
S0056,M001,2026-08-21T01:11:32.654731,11.391611,77.734516,320.0,6.7,0.69,48.8,314.0,141.2,79.1,INTERROGATION
S0057,M001,2026-08-21T01:21:32.654731,11.392136,77.734847,320.0,7.0,0.7,47.4,327.8,137.6,99.4,INTERROGATION
S0058,M001,2026-08-21T01:31:32.654731,11.392468,77.733672,320.0,6.9,0.6,45.0,188.1,133.9,132.9,INTERROGATION
S0059,M001,2026-08-21T01:41:32.654731,11.392125,77.734721,320.0,6.9,0.61,43.7,319.6,136.5,92.8,INTERROGATION
S0060,M001,2026-08-21T01:51:32.654731,11.392087,77.733885,320.0,6.5,0.67,48.9,312.5,132.9,125.8,INTERROGATION
S0061,M001,2026-08-21T02:01:32.654731,11.392815,77.734152,320.0,6.7,0.67,46.7,313.7,134.6,125.9,INTERROGATION
S0062,M001,2026-08-21T02:11:32.654731,11.391571,77.73395,320.0,7.0,1.41,46.3,321.7,134.6,129.1,INTERROGATION
S0063,M001,2026-08-21T02:21:32.654731,11.392652,77.734656,320.0,6.8,0.63,47.3,301.6,69.6,135.5,INTERROGATION
S0064,M001,2026-08-21T02:31:32.654731,11.392032,77.734655,320.0,6.8,0.66,55.7,329.0,134.5,84.9,INTERROGATION
S0065,M001,2026-08-21T02:41:32.654731,11.392159,77.733727,320.0,6.7,0.61,46.4,311.3,141.7,133.5,INTERROGATION
S0066,M001,2026-08-21T02:51:32.654731,11.392621,77.734197,320.0,6.8,0.62,51.8,324.3,130.9,129.2,INTERROGATION
S0067,M001,2026-08-21T03:01:32.654731,11.39171,77.733948,320.0,6.9,1.45,44.5,324.5,132.4,128.1,INTERROGATION
S0068,M001,2026-08-21T03:11:32.654731,11.391535,77.733805,320.0,6.8,1.45,48.7,319.6,134.0,126.4,INTERROGATION
S0069,M001,2026-08-21T03:21:32.654731,11.392946,77.734872,320.0,6.8,0.67,49.3,312.2,82.8,133.0,INTERROGATION
S0070,M001,2026-08-21T03:31:32.654731,11.392229,77.733796,320.0,6.7,0.67,46.1,305.6,128.5,130.2,INTERROGATION
S0071,M001,2026-08-21T03:41:32.654731,11.391406,77.734403,320.0,6.9,0.6,47.8,310.3,132.4,83.9,INTERROGATION
S0072,M001,2026-08-21T03:51:32.654731,11.391806,77.733528,320.0,6.9,1.41,50.1,311.0,137.1,135.8,INTERROGATION
S0073,M001,2026-08-21T04:01:32.654731,11.392049,77.734038,320.0,6.3,0.64,48.9,315.2,135.3,129.4,INTERROGATION
S0074,M001,2026-08-21T04:11:32.654731,11.392234,77.734828,320.0,6.8,0.64,46.8,316.5,136.6,97.1,INTERROGATION
S0075,M001,2026-08-21T04:21:32.654731,11.392398,77.734242,320.0,6.7,0.64,51.0,316.7,126.8,126.0,INTERROGATION
S0076,M001,2026-08-21T04:31:32.654731,11.392033,77.733835,320.0,6.8,0.7,48.8,318.2,138.3,121.2,INTERROGATION
S0077,M001,2026-08-21T04:41:32.654731,11.392832,77.734428,320.0,6.7,0.68,48.8,316.7,86.9,139.1,INTERROGATION
S0078,M001,2026-08-21T04:51:32.654731,11.39281,77.734731,320.0,6.8,0.62,50.1,313.2,77.4,128.1,INTERROGATION
S0079,M001,2026-08-21T05:01:32.654731,11.392573,77.734893,320.0,6.9,0.63,47.3,312.2,75.0,131.5,INTERROGATION
S0080,M001,2026-08-21T05:11:32.654731,11.391612,77.734609,320.0,6.9,0.69,49.0,335.0,131.9,71.5,INTERROGATION
S0081,M001,2026-08-21T05:21:32.654731,11.391526,77.734951,320.0,6.7,0.69,49.6,319.6,136.1,73.1,INTERROGATION
S0082,M001,2026-08-21T05:31:32.654731,11.392111,77.734405,320.0,6.3,0.67,49.2,321.8,131.8,99.1,INTERROGATION
S0083,M001,2026-08-21T05:41:32.654731,11.392237,77.734396,320.0,6.5,0.63,45.5,319.0,135.2,107.5,INTERROGATION
S0084,M001,2026-08-21T05:51:32.654731,11.392264,77.734014,320.0,6.4,0.64,45.5,306.8,138.3,130.3,INTERROGATION
S0085,M001,2026-08-21T06:01:32.654731,11.391823,77.733919,320.0,6.8,1.42,47.4,308.0,134.0,128.9,INTERROGATION
S0086,M001,2026-08-21T06:11:32.654731,11.392097,77.734051,320.0,6.1,0.67,52.6,329.0,133.9,125.6,INTERROGATION
S0087,M001,2026-08-21T06:21:32.654731,11.391353,77.735113,320.0,7.0,0.65,48.0,319.8,135.8,84.7,INTERROGATION
S0088,M001,2026-08-21T06:31:32.654731,11.391569,77.733631,320.0,6.8,1.48,46.2,320.9,134.0,136.0,INTERROGATION
S0089,M001,2026-08-21T06:41:32.654731,11.392144,77.734091,320.0,6.2,0.59,47.1,317.0,129.4,126.9,INTERROGATION
S0090,M001,2026-08-21T06:51:32.654731,11.392359,77.734032,320.0,6.7,0.69,49.8,311.0,132.9,132.0,INTERROGATION
S0091,M001,2026-08-21T07:01:32.654731,11.392375,77.733719,320.0,6.8,0.64,49.8,214.2,133.6,134.6,INTERROGATION
S0092,M001,2026-08-21T07:11:32.654731,11.392403,77.733658,320.0,6.8,0.64,48.8,198.1,138.7,129.3,INTERROGATION
S0093,M001,2026-08-21T07:21:32.654731,11.392672,77.733909,320.0,6.7,0.61,44.1,214.3,129.9,137.0,INTERROGATION
S0094,M001,2026-08-21T07:31:32.654731,11.392194,77.734083,320.0,6.2,0.65,46.6,323.2,134.8,134.4,INTERROGATION
S0095,M001,2026-08-21T07:41:32.654731,11.392811,77.734751,320.0,6.8,0.65,48.8,306.3,71.7,133.0,INTERROGATION
S0096,M001,2026-08-21T07:51:32.654731,11.39145,77.734816,320.0,6.8,0.66,46.7,313.8,135.8,72.2,INTERROGATION
S0097,M001,2026-08-21T08:01:32.654731,11.391693,77.7343,320.0,6.9,0.66,48.6,327.9,141.7,134.1,INTERROGATION
S0098,M001,2026-08-21T08:11:32.654731,11.391515,77.734962,320.0,6.7,0.61,46.4,320.2,137.1,75.0,INTERROGATION
S0099,M001,2026-08-21T08:21:32.654731,11.391348,77.73439,320.0,6.8,0.61,45.7,309.2,131.1,89.6,INTERROGATION
S0100,M002,2026-08-21T08:31:32.654731,11.39222,77.734156,320.0,6.1,0.66,45.9,325.6,132.7,130.5,INTERROGATION
S0101,M002,2026-08-21T08:41:32.654731,11.392093,77.734378,320.0,6.3,0.63,47.9,334.2,132.5,137.2,INTERROGATION
S0102,M002,2026-08-21T08:51:32.654731,11.391643,77.734787,320.0,6.9,0.68,49.6,307.4,132.1,74.6,INTERROGATION
S0103,M002,2026-08-21T09:01:32.654731,11.392852,77.733532,320.0,6.8,0.67,48.4,197.5,136.5,132.4,INTERROGATION
S0104,M002,2026-08-21T09:11:32.654731,11.392652,77.734492,320.0,6.9,0.66,47.8,306.7,81.3,130.8,INTERROGATION
S0105,M002,2026-08-21T09:21:32.654731,11.391524,77.734325,320.0,6.7,0.68,47.9,325.5,135.1,130.1,INTERROGATION
S0106,M002,2026-08-21T09:31:32.654731,11.391774,77.734805,320.0,6.8,0.64,46.9,317.5,135.9,76.3,INTERROGATION
S0107,M002,2026-08-21T09:41:32.654731,11.391811,77.734613,320.0,6.8,0.64,51.6,321.6,139.1,74.3,INTERROGATION
S0108,M002,2026-08-21T09:51:32.654731,11.392795,77.734413,320.0,6.8,0.68,46.7,331.3,93.3,128.5,INTERROGATION
S0109,M002,2026-08-21T10:01:32.654731,11.392773,77.73509,320.0,6.8,0.69,51.9,315.8,82.1,128.9,INTERROGATION
S0110,M002,2026-08-21T10:11:32.654731,11.391838,77.733809,320.0,6.7,1.38,47.9,321.9,141.2,126.0,INTERROGATION
S0111,M002,2026-08-21T10:21:32.654731,11.391592,77.735027,320.0,6.9,0.64,47.9,325.4,130.5,81.3,INTERROGATION
S0112,M002,2026-08-21T10:31:32.654731,11.392985,77.733707,320.0,6.8,0.66,48.7,236.4,132.4,127.9,INTERROGATION
S0113,M002,2026-08-21T10:41:32.654731,11.391596,77.733624,320.0,6.7,1.53,51.6,315.4,131.7,131.9,INTERROGATION
S0114,M002,2026-08-21T10:51:32.654731,11.392669,77.733693,320.0,6.8,0.6,51.9,214.8,132.5,128.4,INTERROGATION
S0115,M002,2026-08-21T11:01:32.654731,11.3928,77.735038,320.0,6.8,0.66,49.6,336.1,81.5,126.8,INTERROGATION
S0116,M002,2026-08-21T11:11:32.654731,11.391871,77.733758,320.0,6.8,1.45,46.7,321.8,134.9,134.8,INTERROGATION
S0117,M002,2026-08-21T11:21:32.654731,11.392065,77.73437,320.0,6.2,0.68,49.7,334.8,137.3,128.6,INTERROGATION
S0118,M002,2026-08-21T11:31:32.654731,11.392636,77.734491,320.0,6.9,0.67,50.7,329.4,85.2,132.6,INTERROGATION
S0119,M002,2026-08-21T11:41:32.654731,11.391485,77.7349,320.0,6.8,0.65,51.0,313.5,136.5,75.2,INTERROGATION
S0120,M002,2026-08-21T11:51:32.654731,11.392698,77.734214,320.0,6.8,0.65,44.6,326.0,137.6,138.7,INTERROGATION
S0121,M002,2026-08-21T12:01:32.654731,11.392604,77.733478,320.0,6.8,0.7,47.8,206.5,137.4,130.7,INTERROGATION
S0122,M002,2026-08-21T12:11:32.654731,11.391384,77.735004,320.0,6.8,0.66,50.7,311.8,135.5,78.1,INTERROGATION
S0123,M002,2026-08-21T12:21:32.654731,11.391822,77.734422,320.0,6.7,0.66,51.9,319.5,132.8,93.1,INTERROGATION
S0124,M002,2026-08-21T12:31:32.654731,11.391692,77.735114,320.0,6.7,0.58,49.1,316.0,130.9,86.8,INTERROGATION
S0125,M002,2026-08-21T12:41:32.654731,11.391348,77.734532,320.0,6.7,0.68,49.6,319.2,142.4,76.6,INTERROGATION
S0126,M002,2026-08-21T12:51:32.654731,11.391915,77.733785,320.0,6.8,1.37,47.4,322.8,130.0,135.8,INTERROGATION
S0127,M002,2026-08-21T13:01:32.654731,11.392757,77.734151,320.0,6.8,0.66,49.4,323.6,137.6,135.3,INTERROGATION
S0128,M002,2026-08-21T13:11:32.654731,11.391436,77.733341,320.0,6.8,1.42,47.8,331.5,132.3,137.2,INTERROGATION
S0129,M002,2026-08-21T13:21:32.654731,11.39156,77.734185,320.0,6.8,0.63,50.1,314.8,133.2,122.4,INTERROGATION
S0130,M002,2026-08-21T13:31:32.654731,11.39122,77.733414,320.0,6.8,1.27,44.0,326.1,138.1,131.7,INTERROGATION
S0131,M002,2026-08-21T13:41:32.654731,11.392604,77.733354,320.0,6.7,0.65,48.0,202.6,141.0,133.5,INTERROGATION
S0132,M002,2026-08-21T13:51:32.654731,11.392207,77.733299,320.0,6.8,0.59,47.4,314.5,131.0,128.9,INTERROGATION
S0133,M002,2026-08-21T14:01:32.654731,11.392222,77.734548,320.0,6.8,0.67,51.5,327.4,135.2,96.9,INTERROGATION
S0134,M002,2026-08-21T14:11:32.654731,11.392477,77.734882,320.0,6.9,0.67,50.6,315.7,83.4,130.8,INTERROGATION
S0135,M002,2026-08-21T14:21:32.654731,11.392014,77.734464,320.0,6.7,0.66,46.4,316.1,133.7,93.0,INTERROGATION
S0136,M002,2026-08-21T14:31:32.654731,11.392957,77.7339,320.0,6.8,0.63,47.9,238.8,141.9,131.7,INTERROGATION
S0137,M002,2026-08-21T14:41:32.654731,11.391611,77.735112,320.0,6.8,0.65,49.5,311.8,134.0,76.3,INTERROGATION
S0138,M002,2026-08-21T14:51:32.654731,11.392764,77.734618,320.0,6.8,0.7,44.9,308.3,78.2,134.2,INTERROGATION
S0139,M002,2026-08-21T15:01:32.654731,11.391989,77.734614,320.0,6.9,0.65,47.6,327.1,137.6,80.9,INTERROGATION
S0140,M002,2026-08-21T15:11:32.654731,11.392843,77.733668,320.0,6.9,0.69,46.4,209.1,137.0,131.0,INTERROGATION
S0141,M002,2026-08-21T15:21:32.654731,11.391523,77.733718,320.0,6.8,1.53,49.4,317.0,138.1,118.6,INTERROGATION
S0142,M002,2026-08-21T15:31:32.654731,11.391846,77.734371,320.0,6.6,0.62,44.8,329.3,133.1,131.4,INTERROGATION
S0143,M002,2026-08-21T15:41:32.654731,11.392947,77.734115,320.0,6.8,0.61,50.5,316.0,128.8,128.3,INTERROGATION
S0144,M002,2026-08-21T15:51:32.654731,11.392311,77.73458,320.0,6.8,0.64,47.2,336.6,85.8,131.7,INTERROGATION
S0145,M002,2026-08-21T16:01:32.654731,11.392254,77.734877,320.0,6.8,0.64,47.8,319.7,137.9,100.4,INTERROGATION
S0146,M002,2026-08-21T16:11:32.654731,11.39127,77.733505,320.0,6.9,1.4,48.2,304.0,138.7,131.4,INTERROGATION
S0147,M002,2026-08-21T16:21:32.654731,11.392018,77.734229,320.0,6.1,0.65,50.8,311.7,137.5,125.8,INTERROGATION
S0148,M002,2026-08-21T16:31:32.654731,11.392947,77.733453,320.0,6.8,0.71,47.5,219.5,138.5,132.0,INTERROGATION
S0149,M002,2026-08-21T16:41:32.654731,11.392901,77.734537,320.0,7.0,0.65,48.5,328.4,87.2,134.7,INTERROGATION
S0150,M002,2026-08-21T16:51:32.654731,11.391588,77.734492,320.0,6.9,0.62,48.8,314.0,134.7,80.6,INTERROGATION
S0151,M002,2026-08-21T17:01:32.654731,11.392768,77.734719,320.0,6.9,0.66,47.4,327.7,81.0,125.1,INTERROGATION
S0152,M002,2026-08-21T17:11:32.654731,11.392655,77.734682,320.0,6.8,0.69,47.6,321.0,74.7,130.1,INTERROGATION
S0153,M002,2026-08-21T17:21:32.654731,11.391784,77.733955,320.0,6.9,1.34,45.5,302.8,132.4,124.7,INTERROGATION
S0154,M002,2026-08-21T17:31:32.654731,11.391609,77.733415,320.0,6.9,1.47,46.3,338.0,138.9,128.7,INTERROGATION
S0155,M002,2026-08-21T17:41:32.654731,11.392134,77.734162,320.0,5.7,0.6,50.6,339.5,140.5,132.3,INTERROGATION
S0156,M002,2026-08-21T17:51:32.654731,11.392664,77.734601,320.0,6.9,0.66,48.3,319.5,73.6,128.9,INTERROGATION
S0157,M002,2026-08-21T18:01:32.654731,11.392075,77.733753,320.0,6.7,0.62,48.4,331.1,138.7,123.7,INTERROGATION
S0158,M002,2026-08-21T18:11:32.654731,11.392489,77.733782,320.0,6.7,0.64,49.4,198.0,135.4,124.7,INTERROGATION
S0159,M002,2026-08-21T18:21:32.654731,11.392477,77.733477,320.0,6.7,0.66,48.0,212.3,135.9,135.5,INTERROGATION
S0160,M002,2026-08-21T18:31:32.654731,11.391277,77.734445,320.0,6.8,0.67,48.1,320.3,132.2,82.7,INTERROGATION
S0161,M002,2026-08-21T18:41:32.654731,11.3923,77.734036,320.0,6.4,0.63,46.2,327.2,133.8,135.0,INTERROGATION
S0162,M002,2026-08-21T18:51:32.654731,11.392402,77.733456,320.0,6.7,0.71,45.0,215.4,137.5,131.7,INTERROGATION
S0163,M002,2026-08-21T19:01:32.654731,11.39159,77.733457,320.0,6.8,1.46,50.4,337.7,132.8,124.5,INTERROGATION
S0164,M002,2026-08-21T19:11:32.654731,11.39227,77.734194,320.0,6.2,0.7,52.2,315.6,137.3,136.5,INTERROGATION
S0165,M002,2026-08-21T19:21:32.654731,11.391693,77.733427,320.0,6.8,1.4,46.4,310.2,135.1,126.9,INTERROGATION
S0166,M002,2026-08-21T19:31:32.654731,11.391321,77.734752,320.0,6.8,0.6,48.8,326.7,127.0,80.2,INTERROGATION
S0167,M002,2026-08-21T19:41:32.654731,11.391799,77.734512,320.0,6.9,0.66,46.2,319.6,137.2,82.4,INTERROGATION
S0168,M002,2026-08-21T19:51:32.654731,11.391515,77.734549,320.0,6.8,0.61,47.7,312.8,132.1,82.7,INTERROGATION
S0169,M002,2026-08-21T20:01:32.654731,11.392397,77.734743,320.0,6.7,0.64,51.0,321.1,88.5,131.6,INTERROGATION
S0170,M002,2026-08-21T20:11:32.654731,11.39136,77.734669,320.0,6.8,0.65,49.8,327.7,131.9,72.7,INTERROGATION
S0171,M002,2026-08-21T20:21:32.654731,11.391357,77.735003,320.0,6.7,0.67,45.2,302.8,136.6,91.5,INTERROGATION
S0172,M002,2026-08-21T20:31:32.654731,11.392856,77.734194,320.0,6.8,0.65,50.3,317.7,136.1,131.3,INTERROGATION
S0173,M002,2026-08-21T20:41:32.654731,11.392623,77.733841,320.0,6.8,0.63,49.3,198.0,135.1,130.0,INTERROGATION
S0174,M002,2026-08-21T20:51:32.654731,11.392354,77.734793,320.0,6.8,0.67,51.5,324.5,80.9,124.8,INTERROGATION
S0175,M002,2026-08-21T21:01:32.654731,11.391917,77.73355,320.0,6.8,1.36,48.1,324.2,134.7,131.9,INTERROGATION
S0176,M002,2026-08-21T21:11:32.654731,11.391761,77.734211,320.0,6.7,0.65,45.0,324.8,141.1,134.9,INTERROGATION
S0177,M002,2026-08-21T21:21:32.654731,11.391473,77.733394,320.0,6.8,1.47,48.4,317.3,132.5,128.8,INTERROGATION
S0178,M002,2026-08-21T21:31:32.654731,11.392446,77.733395,320.0,6.8,0.65,49.1,223.3,138.8,124.1,INTERROGATION
S0179,M002,2026-08-21T21:41:32.654731,11.392149,77.734064,320.0,6.0,0.64,45.1,305.6,137.2,133.0,INTERROGATION
S0180,M002,2026-08-21T21:51:32.654731,11.392585,77.733301,320.0,6.8,0.57,46.6,219.5,129.1,130.7,INTERROGATION
S0181,M002,2026-08-21T22:01:32.654731,11.391221,77.733724,320.0,6.8,1.4,48.3,312.2,139.8,129.4,INTERROGATION
S0182,M002,2026-08-21T22:11:32.654731,11.391376,77.734178,320.0,6.8,0.62,47.6,333.7,129.5,123.5,INTERROGATION
S0183,M002,2026-08-21T22:21:32.654731,11.392027,77.734724,320.0,6.7,0.68,46.5,334.6,137.7,86.1,INTERROGATION
S0184,M002,2026-08-21T22:31:32.654731,11.391268,77.734939,320.0,7.0,0.63,49.9,322.4,140.2,88.7,INTERROGATION
S0185,M002,2026-08-21T22:41:32.654731,11.391319,77.734234,320.0,6.8,0.63,53.0,321.1,133.5,130.7,INTERROGATION
S0186,M002,2026-08-21T22:51:32.654731,11.391327,77.733303,320.0,6.7,1.31,51.0,314.7,130.8,132.1,INTERROGATION
S0187,M002,2026-08-21T23:01:32.654731,11.391513,77.733462,320.0,6.9,1.48,50.5,313.9,129.3,136.0,INTERROGATION
S0188,M002,2026-08-21T23:11:32.654731,11.39157,77.733504,320.0,6.9,1.5,49.1,337.3,132.4,133.7,INTERROGATION
S0189,M002,2026-08-21T23:21:32.654731,11.392965,77.734387,320.0,6.9,0.67,49.3,328.6,88.5,126.6,INTERROGATION
S0190,M002,2026-08-21T23:31:32.654731,11.392871,77.733694,320.0,6.7,0.59,53.1,199.1,134.1,128.9,INTERROGATION
S0191,M002,2026-08-21T23:41:32.654731,11.392797,77.734468,320.0,6.9,0.63,47.6,322.3,81.1,136.4,INTERROGATION
S0192,M002,2026-08-21T23:51:32.654731,11.392716,77.73462,320.0,6.9,0.69,48.5,309.6,78.2,127.4,INTERROGATION
S0193,M002,2026-08-22T00:01:32.654731,11.392673,77.733673,320.0,6.9,0.65,48.8,213.9,136.0,140.4,INTERROGATION
S0194,M002,2026-08-22T00:11:32.654731,11.391735,77.73432,320.0,6.9,0.66,51.2,325.4,134.4,125.1,INTERROGATION
S0195,M002,2026-08-22T00:21:32.654731,11.391216,77.733734,320.0,6.8,1.35,46.5,324.7,141.7,131.6,INTERROGATION
S0196,M002,2026-08-22T00:31:32.654731,11.392309,77.733627,320.0,6.9,0.63,47.7,215.4,131.9,132.6,INTERROGATION
S0197,M002,2026-08-22T00:41:32.654731,11.392925,77.733957,320.0,6.7,0.64,49.8,220.0,141.9,128.4,INTERROGATION
S0198,M002,2026-08-22T00:51:32.654731,11.392796,77.734371,320.0,6.7,0.6,44.2,330.1,132.8,140.2,INTERROGATION
S0199,M002,2026-08-22T01:01:32.654731,11.392356,77.7334,320.0,6.9,0.71,53.2,228.7,139.1,132.4,INTERROGATION
S0200,M003,2026-08-22T01:11:32.654731,11.391685,77.734798,320.0,6.7,0.65,47.6,316.4,137.8,80.0,INTERROGATION
S0201,M003,2026-08-22T01:21:32.654731,11.39262,77.734232,320.0,6.7,0.64,46.2,305.1,134.7,129.5,INTERROGATION
S0202,M003,2026-08-22T01:31:32.654731,11.392277,77.734633,320.0,6.7,0.71,51.1,324.7,134.1,97.5,INTERROGATION
S0203,M003,2026-08-22T01:41:32.654731,11.392712,77.733986,320.0,7.0,0.7,46.8,206.9,135.6,122.9,INTERROGATION
S0204,M003,2026-08-22T01:51:32.654731,11.391737,77.73501,320.0,6.8,0.6,49.3,315.7,130.3,69.6,INTERROGATION
S0205,M003,2026-08-22T02:01:32.654731,11.39144,77.733429,320.0,6.8,1.49,52.2,316.3,132.6,131.9,INTERROGATION
S0206,M003,2026-08-22T02:11:32.654731,11.392299,77.73353,320.0,6.9,0.69,47.7,216.2,131.5,126.7,INTERROGATION
S0207,M003,2026-08-22T02:21:32.654731,11.392832,77.73374,320.0,6.9,0.63,51.7,204.3,134.9,127.0,INTERROGATION
S0208,M003,2026-08-22T02:31:32.654731,11.39126,77.733396,320.0,6.6,1.38,49.8,317.7,135.3,132.1,INTERROGATION
S0209,M003,2026-08-22T02:41:32.654731,11.392887,77.733377,320.0,6.7,0.63,50.0,207.9,136.2,124.6,INTERROGATION
S0210,M003,2026-08-22T02:51:32.654731,11.392035,77.735068,320.0,6.7,0.68,46.2,313.5,135.8,97.6,INTERROGATION
S0211,M003,2026-08-22T03:01:32.654731,11.392142,77.733492,320.0,6.8,0.67,48.4,317.1,131.7,130.3,INTERROGATION
S0212,M003,2026-08-22T03:11:32.654731,11.392025,77.734172,320.0,6.0,0.68,42.1,311.9,137.5,138.2,INTERROGATION
S0213,M003,2026-08-22T03:21:32.654731,11.391311,77.734223,320.0,6.8,0.69,46.4,313.6,133.1,126.2,INTERROGATION
S0214,M003,2026-08-22T03:31:32.654731,11.392563,77.734236,320.0,6.8,0.64,47.3,307.5,138.5,129.7,INTERROGATION
S0215,M003,2026-08-22T03:41:32.654731,11.39217,77.734196,320.0,5.9,0.63,46.9,329.2,135.5,124.2,INTERROGATION
S0216,M003,2026-08-22T03:51:32.654731,11.391716,77.734738,320.0,6.9,0.68,46.9,330.2,135.3,80.1,INTERROGATION
S0217,M003,2026-08-22T04:01:32.654731,11.391484,77.73456,320.0,6.7,0.68,47.2,316.8,131.2,79.4,INTERROGATION
S0218,M003,2026-08-22T04:11:32.654731,11.391992,77.734412,320.0,6.4,0.69,47.8,323.6,130.8,93.6,INTERROGATION
S0219,M003,2026-08-22T04:21:32.654731,11.392788,77.734067,320.0,6.9,0.73,49.4,322.6,135.8,128.6,INTERROGATION
S0220,M003,2026-08-22T04:31:32.654731,11.391537,77.734858,320.0,6.8,0.69,45.5,329.1,140.3,75.3,INTERROGATION
S0221,M003,2026-08-22T04:41:32.654731,11.392027,77.733939,320.0,6.6,0.65,45.5,316.0,138.4,132.2,INTERROGATION
S0222,M003,2026-08-22T04:51:32.654731,11.39138,77.733722,320.0,6.8,1.43,52.0,317.4,139.9,136.1,INTERROGATION
S0223,M003,2026-08-22T05:01:32.654731,11.391834,77.734828,320.0,6.8,0.65,45.7,322.6,130.3,85.0,INTERROGATION
S0224,M003,2026-08-22T05:11:32.654731,11.392436,77.733409,320.0,6.8,0.64,49.5,209.7,138.5,124.6,INTERROGATION
S0225,M003,2026-08-22T05:21:32.654731,11.39245,77.734223,320.0,6.7,0.63,49.3,321.4,136.4,132.0,INTERROGATION
S0226,M003,2026-08-22T05:31:32.654731,11.39262,77.734503,320.0,6.8,0.64,49.7,335.2,78.7,126.1,INTERROGATION
S0227,M003,2026-08-22T05:41:32.654731,11.392029,77.73487,320.0,6.6,0.68,46.7,319.3,136.3,89.5,INTERROGATION
S0228,M003,2026-08-22T05:51:32.654731,11.391704,77.734859,320.0,6.8,0.64,49.8,324.9,131.3,81.5,INTERROGATION
S0229,M003,2026-08-22T06:01:32.654731,11.392694,77.733798,320.0,6.8,0.71,47.4,200.8,134.9,128.8,INTERROGATION
S0230,M003,2026-08-22T06:11:32.654731,11.391742,77.734381,320.0,6.7,0.62,50.4,333.7,134.6,129.3,INTERROGATION
S0231,M003,2026-08-22T06:21:32.654731,11.392631,77.733345,320.0,6.8,0.68,45.7,214.3,138.9,132.0,INTERROGATION
S0232,M003,2026-08-22T06:31:32.654731,11.392783,77.734332,320.0,6.6,0.67,46.4,305.4,137.0,135.5,INTERROGATION
S0233,M003,2026-08-22T06:41:32.654731,11.392807,77.734096,320.0,6.9,0.69,52.1,325.9,135.3,123.6,INTERROGATION
S0234,M003,2026-08-22T06:51:32.654731,11.391387,77.733988,320.0,7.0,1.36,48.3,324.4,135.2,136.8,INTERROGATION
S0235,M003,2026-08-22T07:01:32.654731,11.392342,77.733411,320.0,6.7,0.61,46.5,219.1,133.3,127.2,INTERROGATION
S0236,M003,2026-08-22T07:11:32.654731,11.39295,77.73389,320.0,6.7,0.65,44.2,226.5,135.3,124.2,INTERROGATION
S0237,M003,2026-08-22T07:21:32.654731,11.391209,77.733295,320.0,6.8,1.26,48.8,330.7,127.5,130.5,INTERROGATION
S0238,M003,2026-08-22T07:31:32.654731,11.392878,77.734011,320.0,6.8,0.63,47.2,217.8,139.3,130.1,INTERROGATION
S0239,M003,2026-08-22T07:41:32.654731,11.392088,77.734572,320.0,6.7,0.6,43.5,307.3,136.1,94.5,INTERROGATION
S0240,M003,2026-08-22T07:51:32.654731,11.392294,77.73385,320.0,6.8,0.65,52.0,228.5,133.9,126.4,INTERROGATION
S0241,M003,2026-08-22T08:01:32.654731,11.392021,77.733959,320.0,6.4,0.62,47.7,320.6,134.1,127.4,INTERROGATION
S0242,M003,2026-08-22T08:11:32.654731,11.392896,77.73451,320.0,6.7,0.69,47.8,320.2,86.2,130.9,INTERROGATION
S0243,M003,2026-08-22T08:21:32.654731,11.392303,77.734887,320.0,6.8,0.66,45.1,320.9,83.9,129.2,INTERROGATION
S0244,M003,2026-08-22T08:31:32.654731,11.391731,77.734174,320.0,6.8,0.65,48.4,311.8,140.1,126.5,INTERROGATION
S0245,M003,2026-08-22T08:41:32.654731,11.392374,77.734835,320.0,6.7,0.7,45.0,327.4,84.5,127.3,INTERROGATION
S0246,M003,2026-08-22T08:51:32.654731,11.392003,77.734748,320.0,6.8,0.66,47.7,326.5,138.2,79.9,INTERROGATION
S0247,M003,2026-08-22T09:01:32.654731,11.391868,77.734386,320.0,6.7,0.68,45.3,316.7,130.6,87.4,INTERROGATION
S0248,M003,2026-08-22T09:11:32.654731,11.392803,77.733917,320.0,6.9,0.69,46.6,211.6,128.3,126.8,INTERROGATION
S0249,M003,2026-08-22T09:21:32.654731,11.392419,77.734394,320.0,6.7,0.63,47.9,322.2,83.2,131.7,INTERROGATION
S0250,M003,2026-08-22T09:31:32.654731,11.392074,77.733332,320.0,6.8,0.65,46.9,319.1,134.6,128.5,INTERROGATION
S0251,M003,2026-08-22T09:41:32.654731,11.391487,77.733324,320.0,6.8,1.44,49.4,317.6,137.8,128.7,INTERROGATION
S0252,M003,2026-08-22T09:51:32.654731,11.392285,77.734801,320.0,6.8,0.66,44.1,311.0,79.0,130.6,INTERROGATION
S0253,M003,2026-08-22T10:01:32.654731,11.392197,77.734277,320.0,6.1,0.67,43.5,315.7,131.8,127.5,INTERROGATION
S0254,M003,2026-08-22T10:11:32.654731,11.391303,77.73391,320.0,6.6,1.4,45.3,321.9,143.3,126.3,INTERROGATION
S0255,M003,2026-08-22T10:21:32.654731,11.39208,77.734019,320.0,6.3,0.71,44.9,324.0,133.1,129.6,INTERROGATION
S0256,M003,2026-08-22T10:31:32.654731,11.392056,77.734279,320.0,6.0,0.66,50.7,320.8,136.2,128.4,INTERROGATION
S0257,M003,2026-08-22T10:41:32.654731,11.391424,77.734741,320.0,6.8,0.64,48.9,319.8,139.5,76.0,INTERROGATION
S0258,M003,2026-08-22T10:51:32.654731,11.39226,77.733971,320.0,6.5,0.63,46.5,331.0,126.5,142.6,INTERROGATION
S0259,M003,2026-08-22T11:01:32.654731,11.392239,77.734872,320.0,6.8,0.66,49.3,325.2,137.2,99.8,INTERROGATION
S0260,M003,2026-08-22T11:11:32.654731,11.39156,77.733482,320.0,6.8,1.51,49.5,296.5,137.6,130.8,INTERROGATION
S0261,M003,2026-08-22T11:21:32.654731,11.391234,77.734157,320.0,6.9,0.68,46.1,323.3,131.1,124.5,INTERROGATION
S0262,M003,2026-08-22T11:31:32.654731,11.392649,77.733793,320.0,6.9,0.67,49.8,207.1,132.4,131.7,INTERROGATION
S0263,M003,2026-08-22T11:41:32.654731,11.392557,77.734694,320.0,6.9,0.67,48.9,328.6,75.6,126.5,INTERROGATION
S0264,M003,2026-08-22T11:51:32.654731,11.391339,77.73403,320.0,6.7,0.65,46.0,317.5,127.4,130.9,INTERROGATION
S0265,M003,2026-08-22T12:01:32.654731,11.391338,77.734201,320.0,6.9,0.68,44.0,313.9,131.9,126.2,INTERROGATION
S0266,M003,2026-08-22T12:11:32.654731,11.392647,77.734989,320.0,6.9,0.64,47.3,304.0,81.4,125.0,INTERROGATION
S0267,M003,2026-08-22T12:21:32.654731,11.392963,77.73439,320.0,6.9,0.61,40.5,321.5,97.0,135.0,INTERROGATION
S0268,M003,2026-08-22T12:31:32.654731,11.391328,77.734536,320.0,6.9,0.62,49.2,324.0,139.2,92.3,INTERROGATION
S0269,M003,2026-08-22T12:41:32.654731,11.391457,77.734706,320.0,6.8,0.6,46.3,316.7,132.9,76.5,INTERROGATION
S0270,M003,2026-08-22T12:51:32.654731,11.392548,77.733865,320.0,6.8,0.65,47.2,208.9,138.3,126.5,INTERROGATION
S0271,M003,2026-08-22T13:01:32.654731,11.391769,77.733468,320.0,6.7,1.4,46.8,327.0,136.1,130.8,INTERROGATION
S0272,M003,2026-08-22T13:11:32.654731,11.391981,77.734954,320.0,6.8,0.65,48.7,315.3,125.2,87.4,INTERROGATION
S0273,M003,2026-08-22T13:21:32.654731,11.392339,77.734575,320.0,6.9,0.69,48.2,321.6,80.8,128.7,INTERROGATION
S0274,M003,2026-08-22T13:31:32.654731,11.392608,77.734465,320.0,6.8,0.64,48.0,324.8,74.9,120.8,INTERROGATION
S0275,M003,2026-08-22T13:41:32.654731,11.391575,77.733959,320.0,6.8,1.4,46.9,331.6,136.3,131.2,INTERROGATION
S0276,M003,2026-08-22T13:51:32.654731,11.391581,77.734489,320.0,6.9,0.65,49.7,311.4,128.8,82.6,INTERROGATION
S0277,M003,2026-08-22T14:01:32.654731,11.391445,77.734479,320.0,6.7,0.68,45.0,333.1,131.4,83.0,INTERROGATION
S0278,M003,2026-08-22T14:11:32.654731,11.392803,77.733809,320.0,6.8,0.65,48.1,199.3,138.0,127.9,INTERROGATION
S0279,M003,2026-08-22T14:21:32.654731,11.391226,77.733978,320.0,6.8,1.27,41.6,318.5,144.7,133.1,INTERROGATION
S0280,M003,2026-08-22T14:31:32.654731,11.391217,77.734134,320.0,6.8,0.67,45.0,328.9,137.9,132.9,INTERROGATION
S0281,M003,2026-08-22T14:41:32.654731,11.392138,77.735075,320.0,6.9,0.67,47.1,315.4,135.4,104.0,INTERROGATION
S0282,M003,2026-08-22T14:51:32.654731,11.391826,77.733964,320.0,6.8,1.34,48.4,322.0,134.1,136.0,INTERROGATION
S0283,M003,2026-08-22T15:01:32.654731,11.391916,77.733838,320.0,6.8,1.3,47.6,333.3,135.1,130.9,INTERROGATION
S0284,M003,2026-08-22T15:11:32.654731,11.392934,77.73342,320.0,6.7,0.63,47.1,216.0,140.1,132.2,INTERROGATION
S0285,M003,2026-08-22T15:21:32.654731,11.392241,77.733551,320.0,6.8,0.68,52.0,311.9,131.8,125.0,INTERROGATION
S0286,M003,2026-08-22T15:31:32.654731,11.392852,77.733815,320.0,6.9,0.65,47.2,211.3,131.7,138.4,INTERROGATION
S0287,M003,2026-08-22T15:41:32.654731,11.391441,77.735042,320.0,6.7,0.66,53.1,320.1,134.2,79.6,INTERROGATION
S0288,M003,2026-08-22T15:51:32.654731,11.392653,77.734126,320.0,6.6,0.7,44.4,317.9,133.3,132.4,INTERROGATION
S0289,M003,2026-08-22T16:01:32.654731,11.39293,77.733643,320.0,6.7,0.66,53.1,200.9,135.8,127.4,INTERROGATION
S0290,M003,2026-08-22T16:11:32.654731,11.392967,77.73363,320.0,6.8,0.65,46.4,218.7,142.2,129.2,INTERROGATION
S0291,M003,2026-08-22T16:21:32.654731,11.391645,77.734458,320.0,6.7,0.66,51.7,322.8,133.7,80.8,INTERROGATION
S0292,M003,2026-08-22T16:31:32.654731,11.391215,77.733937,320.0,6.7,1.33,50.2,316.4,133.1,131.1,INTERROGATION
S0293,M003,2026-08-22T16:41:32.654731,11.391972,77.733335,320.0,7.0,0.64,47.1,314.8,138.0,129.3,INTERROGATION
S0294,M003,2026-08-22T16:51:32.654731,11.392989,77.733363,320.0,6.7,0.69,51.5,221.3,127.5,134.0,INTERROGATION
S0295,M003,2026-08-22T17:01:32.654731,11.392618,77.733742,320.0,6.6,0.68,45.0,207.2,135.1,126.2,INTERROGATION
S0296,M003,2026-08-22T17:11:32.654731,11.391597,77.733352,320.0,6.8,1.44,48.3,324.7,142.9,123.7,INTERROGATION
S0297,M003,2026-08-22T17:21:32.654731,11.39213,77.734676,320.0,6.7,0.61,47.5,327.4,134.5,99.5,INTERROGATION
S0298,M003,2026-08-22T17:31:32.654731,11.392096,77.733657,320.0,6.7,0.66,50.2,316.6,124.6,130.8,INTERROGATION
S0299,M003,2026-08-22T17:41:32.654731,11.39266,77.734817,320.0,6.9,0.62,49.7,329.5,68.2,131.3,INTERROGATION
S0300,M004,2026-08-22T17:51:32.654731,11.391965,77.73335,320.0,6.8,0.64,46.3,320.3,130.7,125.7,INTERROGATION
S0301,M004,2026-08-22T18:01:32.654731,11.391614,77.733284,320.0,6.9,1.34,49.7,323.7,128.1,127.3,INTERROGATION
S0302,M004,2026-08-22T18:11:32.654731,11.391785,77.734591,320.0,6.8,0.66,50.0,318.0,132.6,85.6,INTERROGATION
S0303,M004,2026-08-22T18:21:32.654731,11.392263,77.734496,320.0,6.7,0.63,45.9,324.2,136.7,108.0,INTERROGATION
S0304,M004,2026-08-22T18:31:32.654731,11.392915,77.733359,320.0,6.9,0.6,50.6,213.0,133.5,131.0,INTERROGATION
S0305,M004,2026-08-22T18:41:32.654731,11.392125,77.734216,320.0,5.8,0.64,49.3,327.1,133.7,137.2,INTERROGATION
S0306,M004,2026-08-22T18:51:32.654731,11.392859,77.734558,320.0,6.9,0.66,50.1,315.1,78.6,125.6,INTERROGATION
S0307,M004,2026-08-22T19:01:32.654731,11.391804,77.73508,320.0,6.8,0.67,49.1,333.4,135.0,87.7,INTERROGATION
S0308,M004,2026-08-22T19:11:32.654731,11.391885,77.733581,320.0,6.9,1.42,47.3,319.4,128.9,128.6,INTERROGATION
S0309,M004,2026-08-22T19:21:32.654731,11.392469,77.734783,320.0,6.8,0.65,48.0,314.7,80.0,131.7,INTERROGATION
S0310,M004,2026-08-22T19:31:32.654731,11.391522,77.734751,320.0,6.6,0.68,46.8,313.1,137.8,73.5,INTERROGATION
S0311,M004,2026-08-22T19:41:32.654731,11.392411,77.734745,320.0,6.9,0.61,51.0,322.1,77.3,130.6,INTERROGATION
S0312,M004,2026-08-22T19:51:32.654731,11.392188,77.73381,320.0,6.7,0.61,44.2,328.9,132.5,136.1,INTERROGATION
S0313,M004,2026-08-22T20:01:32.654731,11.391322,77.734722,320.0,6.8,0.6,45.2,329.9,134.4,76.5,INTERROGATION
S0314,M004,2026-08-22T20:11:32.654731,11.392901,77.734461,320.0,6.9,0.69,47.1,309.4,83.4,131.0,INTERROGATION
S0315,M004,2026-08-22T20:21:32.654731,11.3917,77.733789,320.0,6.8,1.46,48.1,313.9,134.1,126.3,INTERROGATION
S0316,M004,2026-08-22T20:31:32.654731,11.392529,77.734576,320.0,6.7,0.62,44.3,314.8,77.7,124.2,INTERROGATION
S0317,M004,2026-08-22T20:41:32.654731,11.391683,77.733809,320.0,6.8,1.46,46.2,321.4,132.8,128.9,INTERROGATION
S0318,M004,2026-08-22T20:51:32.654731,11.392278,77.734427,320.0,6.5,0.67,50.0,310.8,138.3,110.5,INTERROGATION
S0319,M004,2026-08-22T21:01:32.654731,11.391763,77.733779,320.0,6.9,1.45,49.4,322.7,136.6,124.7,INTERROGATION
S0320,M004,2026-08-22T21:11:32.654731,11.392462,77.734531,320.0,6.8,0.65,44.2,324.1,82.8,129.8,INTERROGATION
S0321,M004,2026-08-22T21:21:32.654731,11.391918,77.734825,320.0,6.8,0.62,47.9,318.6,135.9,81.9,INTERROGATION
S0322,M004,2026-08-22T21:31:32.654731,11.392847,77.734079,320.0,6.8,0.6,52.4,331.1,129.8,132.8,INTERROGATION
S0323,M004,2026-08-22T21:41:32.654731,11.392486,77.733449,320.0,6.8,0.64,46.0,203.3,131.3,126.7,INTERROGATION
S0324,M004,2026-08-22T21:51:32.654731,11.391312,77.734125,320.0,6.9,0.69,46.5,321.9,137.0,131.9,INTERROGATION
S0325,M004,2026-08-22T22:01:32.654731,11.39288,77.734281,320.0,6.8,0.61,50.2,327.1,131.9,130.2,INTERROGATION
S0326,M004,2026-08-22T22:11:32.654731,11.391868,77.734973,320.0,6.9,0.72,46.0,309.0,136.2,86.7,INTERROGATION
S0327,M004,2026-08-22T22:21:32.654731,11.392618,77.734116,320.0,6.7,0.67,46.5,333.8,143.0,126.9,INTERROGATION
S0328,M004,2026-08-22T22:31:32.654731,11.392886,77.733399,320.0,6.8,0.68,47.0,216.2,135.1,122.3,INTERROGATION
S0329,M004,2026-08-22T22:41:32.654731,11.3913,77.734184,320.0,6.8,0.69,44.9,326.5,133.9,128.9,INTERROGATION
S0330,M004,2026-08-22T22:51:32.654731,11.391326,77.733622,320.0,6.9,1.45,49.4,327.7,133.7,127.6,INTERROGATION
S0331,M004,2026-08-22T23:01:32.654731,11.391757,77.73374,320.0,7.0,1.49,44.6,309.4,136.9,132.2,INTERROGATION
S0332,M004,2026-08-22T23:11:32.654731,11.391754,77.734961,320.0,6.8,0.66,48.2,302.2,134.1,76.7,INTERROGATION
S0333,M004,2026-08-22T23:21:32.654731,11.392196,77.734206,320.0,6.0,0.64,50.3,323.9,136.7,132.4,INTERROGATION
S0334,M004,2026-08-22T23:31:32.654731,11.39199,77.734403,320.0,6.4,0.62,49.4,312.7,133.3,90.9,INTERROGATION
S0335,M004,2026-08-22T23:41:32.654731,11.391497,77.733285,320.0,6.9,1.4,44.9,320.4,132.2,125.0,INTERROGATION
S0336,M004,2026-08-22T23:51:32.654731,11.391389,77.73369,320.0,7.0,1.48,44.6,315.5,139.1,138.4,INTERROGATION
S0337,M004,2026-08-23T00:01:32.654731,11.391948,77.734069,320.0,6.5,0.66,45.8,324.3,124.5,130.0,INTERROGATION
S0338,M004,2026-08-23T00:11:32.654731,11.392768,77.734442,320.0,6.7,0.65,45.7,322.0,78.9,128.4,INTERROGATION
S0339,M004,2026-08-23T00:21:32.654731,11.392446,77.73366,320.0,6.9,0.64,48.1,193.9,133.8,129.8,INTERROGATION
S0340,M004,2026-08-23T00:31:32.654731,11.392627,77.733408,320.0,7.0,0.62,51.7,216.0,136.1,137.0,INTERROGATION
S0341,M004,2026-08-23T00:41:32.654731,11.392706,77.734791,320.0,6.8,0.69,50.7,315.0,70.1,129.2,INTERROGATION
S0342,M004,2026-08-23T00:51:32.654731,11.39274,77.734903,320.0,6.7,0.65,51.1,316.3,77.1,130.2,INTERROGATION
S0343,M004,2026-08-23T01:01:32.654731,11.39132,77.734894,320.0,6.9,0.58,46.5,321.7,139.8,78.0,INTERROGATION
S0344,M004,2026-08-23T01:11:32.654731,11.39198,77.735114,320.0,6.6,0.67,46.4,310.5,132.5,91.4,INTERROGATION
S0345,M004,2026-08-23T01:21:32.654731,11.391865,77.734134,320.0,6.5,0.69,49.6,310.9,134.2,130.0,INTERROGATION
S0346,M004,2026-08-23T01:31:32.654731,11.392649,77.734701,320.0,6.7,0.65,49.1,331.6,78.0,133.2,INTERROGATION
S0347,M004,2026-08-23T01:41:32.654731,11.392646,77.734233,320.0,6.8,0.62,51.5,325.6,133.2,128.1,INTERROGATION
S0348,M004,2026-08-23T01:51:32.654731,11.392803,77.73466,320.0,6.8,0.66,52.2,328.6,78.3,133.8,INTERROGATION
S0349,M004,2026-08-23T02:01:32.654731,11.392339,77.733569,320.0,6.9,0.64,45.9,208.3,130.6,126.9,INTERROGATION
S0350,M004,2026-08-23T02:11:32.654731,11.391586,77.734062,320.0,6.8,0.68,45.7,332.2,137.0,134.1,INTERROGATION
S0351,M004,2026-08-23T02:21:32.654731,11.392634,77.733781,320.0,6.7,0.68,48.4,206.9,130.3,126.4,INTERROGATION
S0352,M004,2026-08-23T02:31:32.654731,11.391543,77.734558,320.0,6.8,0.61,50.1,310.1,137.2,79.9,INTERROGATION
S0353,M004,2026-08-23T02:41:32.654731,11.39257,77.733626,320.0,6.8,0.63,45.5,185.1,136.4,123.7,INTERROGATION
S0354,M004,2026-08-23T02:51:32.654731,11.391269,77.734507,320.0,6.9,0.64,47.2,325.9,136.3,85.1,INTERROGATION
S0355,M004,2026-08-23T03:01:32.654731,11.391648,77.734341,320.0,6.9,0.67,45.5,318.0,134.8,129.5,INTERROGATION
S0356,M004,2026-08-23T03:11:32.654731,11.392611,77.734322,320.0,6.9,0.61,49.6,330.6,136.5,134.4,INTERROGATION
S0357,M004,2026-08-23T03:21:32.654731,11.392214,77.734429,320.0,6.5,0.68,48.4,320.2,133.6,107.6,INTERROGATION
S0358,M004,2026-08-23T03:31:32.654731,11.392474,77.733996,320.0,6.8,0.61,48.9,202.7,137.5,133.5,INTERROGATION
S0359,M004,2026-08-23T03:41:32.654731,11.392268,77.733379,320.0,7.0,0.63,45.4,331.9,142.9,130.0,INTERROGATION
S0360,M004,2026-08-23T03:51:32.654731,11.392455,77.734473,320.0,6.7,0.64,51.1,333.5,84.8,126.5,INTERROGATION
S0361,M004,2026-08-23T04:01:32.654731,11.392019,77.734508,320.0,6.6,0.66,51.9,326.8,136.7,92.3,INTERROGATION
S0362,M004,2026-08-23T04:11:32.654731,11.39293,77.734266,320.0,6.6,0.64,48.6,310.8,136.5,129.2,INTERROGATION
S0363,M004,2026-08-23T04:21:32.654731,11.39225,77.734371,320.0,6.3,0.65,47.8,316.4,135.8,127.0,INTERROGATION
S0364,M004,2026-08-23T04:31:32.654731,11.392786,77.734904,320.0,6.7,0.67,49.6,313.6,81.7,127.5,INTERROGATION
S0365,M004,2026-08-23T04:41:32.654731,11.392996,77.733336,320.0,6.8,0.67,47.9,232.1,132.9,129.2,INTERROGATION
S0366,M004,2026-08-23T04:51:32.654731,11.392956,77.734783,320.0,6.8,0.63,47.6,307.6,80.0,128.9,INTERROGATION
S0367,M004,2026-08-23T05:01:32.654731,11.391501,77.733552,320.0,6.8,1.5,50.2,314.8,130.2,125.8,INTERROGATION
S0368,M004,2026-08-23T05:11:32.654731,11.391618,77.733519,320.0,6.7,1.44,46.9,321.5,137.4,127.8,INTERROGATION
S0369,M004,2026-08-23T05:21:32.654731,11.391464,77.733911,320.0,6.8,1.4,49.4,305.7,133.6,131.2,INTERROGATION
S0370,M004,2026-08-23T05:31:32.654731,11.392245,77.73421,320.0,6.2,0.62,47.8,305.8,134.7,126.7,INTERROGATION
S0371,M004,2026-08-23T05:41:32.654731,11.391751,77.734793,320.0,6.8,0.63,52.3,317.4,142.3,80.8,INTERROGATION
S0372,M004,2026-08-23T05:51:32.654731,11.392599,77.734866,320.0,6.8,0.59,47.3,326.8,75.9,124.4,INTERROGATION
S0373,M004,2026-08-23T06:01:32.654731,11.392535,77.734186,320.0,6.9,0.65,50.4,317.1,128.2,126.3,INTERROGATION
S0374,M004,2026-08-23T06:11:32.654731,11.392017,77.734682,320.0,6.8,0.64,52.8,333.0,143.9,87.1,INTERROGATION
S0375,M004,2026-08-23T06:21:32.654731,11.391613,77.734297,320.0,6.9,0.61,48.5,311.2,132.6,126.7,INTERROGATION
S0376,M004,2026-08-23T06:31:32.654731,11.391593,77.733617,320.0,6.8,1.52,45.2,321.8,139.9,127.9,INTERROGATION
S0377,M004,2026-08-23T06:41:32.654731,11.391861,77.733441,320.0,6.9,1.38,46.7,323.9,130.6,132.7,INTERROGATION
S0378,M004,2026-08-23T06:51:32.654731,11.391592,77.734888,320.0,6.7,0.62,49.3,329.8,132.5,78.1,INTERROGATION
S0379,M004,2026-08-23T07:01:32.654731,11.392025,77.733927,320.0,6.5,0.62,45.7,314.7,136.2,129.3,INTERROGATION
S0380,M004,2026-08-23T07:11:32.654731,11.392042,77.734138,320.0,5.9,0.66,41.1,316.0,132.9,135.6,INTERROGATION
S0381,M004,2026-08-23T07:21:32.654731,11.39269,77.733595,320.0,6.8,0.59,49.9,202.5,137.0,145.7,INTERROGATION
S0382,M004,2026-08-23T07:31:32.654731,11.39129,77.733345,320.0,6.6,1.4,47.3,322.3,134.8,128.3,INTERROGATION
S0383,M004,2026-08-23T07:41:32.654731,11.391627,77.733372,320.0,6.8,1.43,44.2,326.0,133.3,125.5,INTERROGATION
S0384,M004,2026-08-23T07:51:32.654731,11.392643,77.734002,320.0,6.8,0.66,46.2,222.5,137.7,137.4,INTERROGATION
S0385,M004,2026-08-23T08:01:32.654731,11.392873,77.733993,320.0,6.8,0.69,46.2,228.4,134.2,129.7,INTERROGATION
S0386,M004,2026-08-23T08:11:32.654731,11.392932,77.734509,320.0,6.8,0.66,51.9,327.9,88.1,128.2,INTERROGATION
S0387,M004,2026-08-23T08:21:32.654731,11.392906,77.734907,320.0,6.7,0.68,50.2,331.8,79.1,129.1,INTERROGATION
S0388,M004,2026-08-23T08:31:32.654731,11.391997,77.733761,320.0,6.9,0.64,49.6,318.5,136.3,125.4,INTERROGATION
S0389,M004,2026-08-23T08:41:32.654731,11.39147,77.73506,320.0,6.8,0.56,47.5,307.0,139.8,84.5,INTERROGATION
S0390,M004,2026-08-23T08:51:32.654731,11.392557,77.734343,320.0,6.7,0.7,50.3,318.1,139.5,125.6,INTERROGATION
S0391,M004,2026-08-23T09:01:32.654731,11.391689,77.733631,320.0,6.8,1.45,51.1,317.9,136.4,127.7,INTERROGATION
S0392,M004,2026-08-23T09:11:32.654731,11.392157,77.73381,320.0,6.6,0.65,44.6,335.9,138.6,130.4,INTERROGATION
S0393,M004,2026-08-23T09:21:32.654731,11.391819,77.734628,320.0,6.8,0.66,48.7,330.2,137.9,81.4,INTERROGATION
S0394,M004,2026-08-23T09:31:32.654731,11.391919,77.733882,320.0,6.8,1.33,45.2,339.3,141.1,132.4,INTERROGATION
S0395,M004,2026-08-23T09:41:32.654731,11.391258,77.734492,320.0,6.7,0.65,48.6,310.1,136.3,84.0,INTERROGATION
S0396,M004,2026-08-23T09:51:32.654731,11.392674,77.735089,320.0,6.6,0.62,47.0,335.1,84.9,124.7,INTERROGATION
S0397,M004,2026-08-23T10:01:32.654731,11.391655,77.734343,320.0,6.9,0.64,47.8,330.6,129.9,124.4,INTERROGATION
S0398,M004,2026-08-23T10:11:32.654731,11.392651,77.733884,320.0,6.7,0.57,46.9,212.1,139.8,128.1,INTERROGATION
S0399,M004,2026-08-23T10:21:32.654731,11.392683,77.733988,320.0,6.7,0.64,48.5,219.1,133.0,130.1,INTERROGATION
S0400,M005,2026-08-23T10:31:32.654731,11.392056,77.73403,320.0,6.3,0.62,48.1,323.6,133.6,130.7,INTERROGATION
S0401,M005,2026-08-23T10:41:32.654731,11.391952,77.733495,320.0,6.8,0.65,46.5,321.8,137.9,121.8,INTERROGATION
S0402,M005,2026-08-23T10:51:32.654731,11.391926,77.734813,320.0,6.8,0.69,44.6,314.3,133.8,80.4,INTERROGATION
S0403,M005,2026-08-23T11:01:32.654731,11.391944,77.734523,320.0,6.7,0.66,45.0,316.8,136.3,85.6,INTERROGATION
S0404,M005,2026-08-23T11:11:32.654731,11.391275,77.734051,320.0,6.7,0.66,52.4,320.1,135.9,132.8,INTERROGATION
S0405,M005,2026-08-23T11:21:32.654731,11.392334,77.734022,320.0,6.6,0.7,46.2,334.5,138.1,132.2,INTERROGATION
S0406,M005,2026-08-23T11:31:32.654731,11.391463,77.734812,320.0,6.9,0.65,43.1,311.1,134.3,77.1,INTERROGATION
S0407,M005,2026-08-23T11:41:32.654731,11.39272,77.734171,320.0,6.6,0.65,43.5,326.1,134.6,131.7,INTERROGATION
S0408,M005,2026-08-23T11:51:32.654731,11.392511,77.733917,320.0,6.9,0.67,47.7,216.7,132.2,133.4,INTERROGATION
S0409,M005,2026-08-23T12:01:32.654731,11.392983,77.733328,320.0,6.9,0.68,46.2,230.9,129.8,132.3,INTERROGATION
S0410,M005,2026-08-23T12:11:32.654731,11.391753,77.734285,320.0,6.7,0.64,47.2,310.3,136.6,131.0,INTERROGATION
S0411,M005,2026-08-23T12:21:32.654731,11.391351,77.734003,320.0,6.9,1.39,46.8,315.1,137.0,128.6,INTERROGATION
S0412,M005,2026-08-23T12:31:32.654731,11.392868,77.734052,320.0,6.6,0.69,48.2,316.7,134.6,129.8,INTERROGATION
S0413,M005,2026-08-23T12:41:32.654731,11.392259,77.734012,320.0,6.4,0.66,50.4,311.8,136.9,128.9,INTERROGATION
S0414,M005,2026-08-23T12:51:32.654731,11.391874,77.734292,320.0,6.4,0.63,49.1,323.8,132.2,127.2,INTERROGATION
S0415,M005,2026-08-23T13:01:32.654731,11.392672,77.734991,320.0,6.8,0.62,50.1,317.0,67.4,128.5,INTERROGATION
S0416,M005,2026-08-23T13:11:32.654731,11.391802,77.734006,320.0,6.7,1.33,51.3,322.5,132.6,131.8,INTERROGATION
S0417,M005,2026-08-23T13:21:32.654731,11.391468,77.733774,320.0,6.7,1.42,47.0,321.3,134.6,128.3,INTERROGATION
S0418,M005,2026-08-23T13:31:32.654731,11.392455,77.733636,320.0,6.7,0.67,45.5,199.0,129.1,128.0,INTERROGATION
S0419,M005,2026-08-23T13:41:32.654731,11.392411,77.734799,320.0,6.9,0.67,45.2,317.4,75.8,135.3,INTERROGATION
S0420,M005,2026-08-23T13:51:32.654731,11.392409,77.733778,320.0,6.9,0.7,47.0,215.6,144.1,127.5,INTERROGATION
S0421,M005,2026-08-23T14:01:32.654731,11.39194,77.734067,320.0,6.4,0.59,47.1,323.5,135.7,131.7,INTERROGATION
S0422,M005,2026-08-23T14:11:32.654731,11.392682,77.734303,320.0,6.7,0.63,46.1,326.6,138.6,131.8,INTERROGATION
S0423,M005,2026-08-23T14:21:32.654731,11.391783,77.734524,320.0,6.9,0.7,49.8,334.3,128.4,79.3,INTERROGATION
S0424,M005,2026-08-23T14:31:32.654731,11.392584,77.733697,320.0,6.7,0.67,51.4,206.4,136.1,126.0,INTERROGATION
S0425,M005,2026-08-23T14:41:32.654731,11.39273,77.733364,320.0,6.7,0.69,49.9,211.7,133.3,121.9,INTERROGATION
S0426,M005,2026-08-23T14:51:32.654731,11.391224,77.733431,320.0,6.7,1.41,44.8,321.5,139.0,125.0,INTERROGATION
S0427,M005,2026-08-23T15:01:32.654731,11.392938,77.733374,320.0,6.8,0.68,48.0,244.6,128.3,134.2,INTERROGATION
S0428,M005,2026-08-23T15:11:32.654731,11.392852,77.734028,320.0,6.8,0.63,48.6,305.1,137.4,131.2,INTERROGATION
S0429,M005,2026-08-23T15:21:32.654731,11.392626,77.734524,320.0,6.8,0.65,45.8,314.3,83.3,135.7,INTERROGATION
S0430,M005,2026-08-23T15:31:32.654731,11.392268,77.733311,320.0,6.7,0.69,49.7,335.5,131.5,128.5,INTERROGATION
S0431,M005,2026-08-23T15:41:32.654731,11.391369,77.734809,320.0,6.8,0.67,47.5,313.0,138.5,80.5,INTERROGATION
S0432,M005,2026-08-23T15:51:32.654731,11.391412,77.733281,320.0,6.7,1.4,50.9,321.1,135.3,132.2,INTERROGATION
S0433,M005,2026-08-23T16:01:32.654731,11.392126,77.733437,320.0,6.6,0.68,44.1,332.0,133.7,129.2,INTERROGATION
S0434,M005,2026-08-23T16:11:32.654731,11.391767,77.733459,320.0,6.9,1.35,51.2,322.7,130.2,125.7,INTERROGATION
S0435,M005,2026-08-23T16:21:32.654731,11.391925,77.734517,320.0,6.7,0.68,48.8,312.5,135.9,82.2,INTERROGATION
S0436,M005,2026-08-23T16:31:32.654731,11.392449,77.734569,320.0,6.8,0.66,52.4,320.0,75.2,131.8,INTERROGATION
S0437,M005,2026-08-23T16:41:32.654731,11.391245,77.733804,320.0,7.0,1.35,47.1,323.3,134.8,126.1,INTERROGATION
S0438,M005,2026-08-23T16:51:32.654731,11.392254,77.734276,320.0,6.2,0.62,44.1,322.1,139.4,131.9,INTERROGATION
S0439,M005,2026-08-23T17:01:32.654731,11.391274,77.734197,320.0,6.7,0.68,50.3,307.6,141.4,132.3,INTERROGATION
S0440,M005,2026-08-23T17:11:32.654731,11.391856,77.734459,320.0,6.7,0.65,49.3,334.4,137.8,84.4,INTERROGATION
S0441,M005,2026-08-23T17:21:32.654731,11.391237,77.733861,320.0,6.7,1.4,45.6,333.0,133.9,136.4,INTERROGATION
S0442,M005,2026-08-23T17:31:32.654731,11.391942,77.734999,320.0,6.8,0.64,49.1,320.6,132.6,86.6,INTERROGATION
S0443,M005,2026-08-23T17:41:32.654731,11.39181,77.734211,320.0,6.6,0.62,45.1,306.5,127.8,124.6,INTERROGATION
S0444,M005,2026-08-23T17:51:32.654731,11.392388,77.734093,320.0,6.6,0.66,49.0,321.0,134.7,125.2,INTERROGATION
S0445,M005,2026-08-23T18:01:32.654731,11.392283,77.73435,320.0,6.3,0.62,47.3,312.3,137.0,127.1,INTERROGATION
S0446,M005,2026-08-23T18:11:32.654731,11.391575,77.733389,320.0,7.0,1.47,48.5,328.2,139.4,127.7,INTERROGATION
S0447,M005,2026-08-23T18:21:32.654731,11.392173,77.733427,320.0,6.9,0.65,44.1,313.6,134.7,129.7,INTERROGATION
S0448,M005,2026-08-23T18:31:32.654731,11.391979,77.734376,320.0,6.4,0.69,53.7,316.8,137.0,132.3,INTERROGATION
S0449,M005,2026-08-23T18:41:32.654731,11.391698,77.73501,320.0,6.8,0.57,49.7,321.0,134.1,88.6,INTERROGATION
S0450,M005,2026-08-23T18:51:32.654731,11.392658,77.735028,320.0,6.7,0.64,53.0,313.3,78.0,129.4,INTERROGATION
S0451,M005,2026-08-23T19:01:32.654731,11.392279,77.73494,320.0,6.7,0.63,46.5,319.4,136.7,103.8,INTERROGATION
S0452,M005,2026-08-23T19:11:32.654731,11.392259,77.73393,320.0,6.7,0.69,49.1,328.8,136.9,135.4,INTERROGATION
S0453,M005,2026-08-23T19:21:32.654731,11.391945,77.735042,320.0,7.0,0.68,49.4,309.8,129.8,89.7,INTERROGATION
S0454,M005,2026-08-23T19:31:32.654731,11.391306,77.734392,320.0,6.8,0.7,49.7,310.9,134.6,83.2,INTERROGATION
S0455,M005,2026-08-23T19:41:32.654731,11.391493,77.73362,320.0,6.8,1.46,47.7,315.5,123.3,138.2,INTERROGATION
S0456,M005,2026-08-23T19:51:32.654731,11.391889,77.734823,320.0,6.8,0.61,52.2,335.2,135.6,86.3,INTERROGATION
S0457,M005,2026-08-23T20:01:32.654731,11.392928,77.73337,320.0,6.8,0.61,47.0,222.2,133.2,129.1,INTERROGATION
S0458,M005,2026-08-23T20:11:32.654731,11.391505,77.733514,320.0,6.8,1.45,46.2,309.7,138.9,121.6,INTERROGATION
S0459,M005,2026-08-23T20:21:32.654731,11.391337,77.733289,320.0,6.9,1.38,47.2,299.2,133.6,129.7,INTERROGATION
S0460,M005,2026-08-23T20:31:32.654731,11.391803,77.733606,320.0,6.9,1.46,45.7,307.2,133.7,129.1,INTERROGATION
S0461,M005,2026-08-23T20:41:32.654731,11.391522,77.734747,320.0,6.8,0.71,50.0,319.6,134.3,73.7,INTERROGATION
S0462,M005,2026-08-23T20:51:32.654731,11.39183,77.734719,320.0,6.8,0.65,46.7,309.0,136.3,79.5,INTERROGATION
S0463,M005,2026-08-23T21:01:32.654731,11.391525,77.73475,320.0,6.9,0.62,52.3,306.0,136.7,77.0,INTERROGATION
S0464,M005,2026-08-23T21:11:32.654731,11.39276,77.73339,320.0,6.7,0.66,51.2,193.3,137.0,120.0,INTERROGATION
S0465,M005,2026-08-23T21:21:32.654731,11.392995,77.733529,320.0,6.7,0.7,46.5,209.5,134.2,138.3,INTERROGATION
S0466,M005,2026-08-23T21:31:32.654731,11.391953,77.733939,320.0,6.7,0.71,47.7,310.1,143.4,136.4,INTERROGATION
S0467,M005,2026-08-23T21:41:32.654731,11.391578,77.734645,320.0,6.8,0.65,48.8,331.6,138.5,71.4,INTERROGATION
S0468,M005,2026-08-23T21:51:32.654731,11.392221,77.734745,320.0,6.9,0.69,45.2,319.7,132.9,91.7,INTERROGATION
S0469,M005,2026-08-23T22:01:32.654731,11.392279,77.734225,320.0,6.1,0.65,49.6,321.0,134.5,124.8,INTERROGATION
S0470,M005,2026-08-23T22:11:32.654731,11.391364,77.734431,320.0,6.6,0.69,50.4,320.4,135.9,87.8,INTERROGATION
S0471,M005,2026-08-23T22:21:32.654731,11.392804,77.734378,320.0,6.8,0.69,48.8,321.6,129.9,131.1,INTERROGATION
S0472,M005,2026-08-23T22:31:32.654731,11.391683,77.733646,320.0,6.7,1.45,53.3,330.7,142.7,125.1,INTERROGATION
S0473,M005,2026-08-23T22:41:32.654731,11.391346,77.733442,320.0,6.8,1.38,46.3,312.7,140.0,128.4,INTERROGATION
S0474,M005,2026-08-23T22:51:32.654731,11.391224,77.734475,320.0,6.9,0.67,53.8,308.2,140.0,90.9,INTERROGATION
S0475,M005,2026-08-23T23:01:32.654731,11.392878,77.735114,320.0,6.7,0.68,48.8,318.2,83.8,127.1,INTERROGATION
S0476,M005,2026-08-23T23:11:32.654731,11.391448,77.73486,320.0,7.0,0.65,50.0,313.7,131.9,80.9,INTERROGATION
S0477,M005,2026-08-23T23:21:32.654731,11.391939,77.733666,320.0,6.8,0.65,47.6,323.2,137.8,132.9,INTERROGATION
S0478,M005,2026-08-23T23:31:32.654731,11.392445,77.735056,320.0,6.7,0.64,51.0,327.2,78.2,131.4,INTERROGATION
S0479,M005,2026-08-23T23:41:32.654731,11.392108,77.733855,320.0,6.9,0.62,45.9,326.1,128.8,127.5,INTERROGATION
S0480,M005,2026-08-23T23:51:32.654731,11.391557,77.734721,320.0,6.8,0.67,49.1,322.1,133.6,76.5,INTERROGATION
S0481,M005,2026-08-24T00:01:32.654731,11.392922,77.733973,320.0,6.8,0.64,45.5,223.7,131.8,125.5,INTERROGATION
S0482,M005,2026-08-24T00:11:32.654731,11.392656,77.73489,320.0,6.9,0.64,49.0,324.4,78.1,126.7,INTERROGATION
S0483,M005,2026-08-24T00:21:32.654731,11.392902,77.734536,320.0,6.8,0.59,48.4,337.7,81.4,127.1,INTERROGATION
S0484,M005,2026-08-24T00:31:32.654731,11.392645,77.734864,320.0,6.9,0.61,49.8,324.7,75.3,131.4,INTERROGATION
S0485,M005,2026-08-24T00:41:32.654731,11.392746,77.733523,320.0,6.9,0.68,45.1,210.4,134.7,130.3,INTERROGATION
S0486,M005,2026-08-24T00:51:32.654731,11.391296,77.7346,320.0,6.9,0.65,45.2,316.9,135.7,85.8,INTERROGATION
S0487,M005,2026-08-24T01:01:32.654731,11.39154,77.734605,320.0,7.0,0.66,51.2,318.8,137.1,79.8,INTERROGATION
S0488,M005,2026-08-24T01:11:32.654731,11.391389,77.734823,320.0,6.9,0.68,50.2,317.5,132.7,78.6,INTERROGATION
S0489,M005,2026-08-24T01:21:32.654731,11.391934,77.73491,320.0,6.9,0.69,45.7,313.3,134.4,86.3,INTERROGATION
S0490,M005,2026-08-24T01:31:32.654731,11.392596,77.734004,320.0,6.8,0.65,44.4,206.4,136.1,121.5,INTERROGATION
S0491,M005,2026-08-24T01:41:32.654731,11.391993,77.734898,320.0,7.1,0.72,47.5,319.1,139.0,94.3,INTERROGATION
S0492,M005,2026-08-24T01:51:32.654731,11.391947,77.734057,320.0,6.3,0.67,49.2,328.6,130.2,120.7,INTERROGATION
S0493,M005,2026-08-24T02:01:32.654731,11.391662,77.734663,320.0,6.6,0.65,50.0,319.0,133.2,75.6,INTERROGATION
S0494,M005,2026-08-24T02:11:32.654731,11.391567,77.734051,320.0,6.7,0.67,48.8,321.3,131.0,129.3,INTERROGATION
S0495,M005,2026-08-24T02:21:32.654731,11.392122,77.733922,320.0,6.6,0.61,46.5,322.6,140.0,128.2,INTERROGATION
S0496,M005,2026-08-24T02:31:32.654731,11.391814,77.734097,320.0,6.6,0.71,48.7,319.8,136.3,130.0,INTERROGATION
S0497,M005,2026-08-24T02:41:32.654731,11.392559,77.733738,320.0,6.8,0.65,45.6,212.5,137.7,127.8,INTERROGATION
S0498,M005,2026-08-24T02:51:32.654731,11.391807,77.734802,320.0,6.7,0.63,43.6,323.8,127.7,74.2,INTERROGATION
S0499,M005,2026-08-24T03:01:32.654731,11.392777,77.734945,320.0,6.6,0.65,47.6,317.4,74.7,125.3,INTERROGATION
S0500,M006,2026-08-24T03:11:32.654731,11.391495,77.734721,320.0,6.8,0.62,48.5,330.4,137.3,73.7,INTERROGATION
S0501,M006,2026-08-24T03:21:32.654731,11.391503,77.734851,320.0,6.8,0.64,47.6,321.7,131.0,71.8,INTERROGATION
S0502,M006,2026-08-24T03:31:32.654731,11.391878,77.734004,320.0,6.5,1.3,45.8,324.1,135.1,122.1,INTERROGATION
S0503,M006,2026-08-24T03:41:32.654731,11.392634,77.73464,320.0,6.7,0.66,45.9,320.8,70.8,122.8,INTERROGATION
S0504,M006,2026-08-24T03:51:32.654731,11.391271,77.733785,320.0,6.8,1.4,47.0,310.5,133.4,131.1,INTERROGATION
S0505,M006,2026-08-24T04:01:32.654731,11.392967,77.733982,320.0,6.7,0.69,45.1,231.7,139.7,131.9,INTERROGATION
S0506,M006,2026-08-24T04:11:32.654731,11.391323,77.733896,320.0,6.9,1.35,45.6,316.8,140.0,131.5,INTERROGATION
S0507,M006,2026-08-24T04:21:32.654731,11.391888,77.733524,320.0,6.8,1.36,50.4,309.0,141.4,133.3,INTERROGATION
S0508,M006,2026-08-24T04:31:32.654731,11.391852,77.734796,320.0,6.8,0.61,46.7,323.9,140.2,76.2,INTERROGATION
S0509,M006,2026-08-24T04:41:32.654731,11.391245,77.734549,320.0,6.8,0.65,44.5,324.7,132.1,82.8,INTERROGATION
S0510,M006,2026-08-24T04:51:32.654731,11.391464,77.733829,320.0,6.8,1.45,47.1,314.2,136.3,136.6,INTERROGATION
S0511,M006,2026-08-24T05:01:32.654731,11.392793,77.734299,320.0,6.7,0.65,45.3,308.2,132.0,134.8,INTERROGATION
S0512,M006,2026-08-24T05:11:32.654731,11.392915,77.734637,320.0,6.9,0.66,44.2,318.4,82.3,130.7,INTERROGATION
S0513,M006,2026-08-24T05:21:32.654731,11.391963,77.73391,320.0,6.7,0.67,42.5,318.7,135.6,133.4,INTERROGATION
S0514,M006,2026-08-24T05:31:32.654731,11.392572,77.734773,320.0,6.7,0.59,47.0,328.0,80.9,132.8,INTERROGATION
S0515,M006,2026-08-24T05:41:32.654731,11.39265,77.734834,320.0,6.8,0.65,52.2,312.5,82.0,128.7,INTERROGATION
S0516,M006,2026-08-24T05:51:32.654731,11.391842,77.734448,320.0,6.8,0.63,44.5,321.7,139.0,81.9,INTERROGATION
S0517,M006,2026-08-24T06:01:32.654731,11.392069,77.733678,320.0,6.8,0.67,50.4,319.5,142.4,130.9,INTERROGATION
S0518,M006,2026-08-24T06:11:32.654731,11.391653,77.734102,320.0,6.8,0.64,50.4,323.7,130.3,130.7,INTERROGATION
S0519,M006,2026-08-24T06:21:32.654731,11.392511,77.734384,320.0,6.9,0.67,48.2,323.1,89.9,124.7,INTERROGATION
S0520,M006,2026-08-24T06:31:32.654731,11.391322,77.734931,320.0,6.8,0.63,48.9,329.8,132.6,71.0,INTERROGATION
S0521,M006,2026-08-24T06:41:32.654731,11.392739,77.733906,320.0,6.8,0.66,47.3,200.1,137.1,126.7,INTERROGATION
S0522,M006,2026-08-24T06:51:32.654731,11.392164,77.734449,320.0,6.4,0.63,47.8,318.1,139.5,99.3,INTERROGATION
S0523,M006,2026-08-24T07:01:32.654731,11.392401,77.734081,320.0,6.7,0.67,46.5,322.9,136.2,122.4,INTERROGATION
S0524,M006,2026-08-24T07:11:32.654731,11.392216,77.734385,320.0,6.3,0.62,48.9,320.7,136.4,103.2,INTERROGATION
S0525,M006,2026-08-24T07:21:32.654731,11.392572,77.734369,320.0,6.8,0.62,51.4,333.1,147.6,125.5,INTERROGATION
S0526,M006,2026-08-24T07:31:32.654731,11.391802,77.734236,320.0,6.7,0.63,52.8,313.8,128.2,128.1,INTERROGATION
S0527,M006,2026-08-24T07:41:32.654731,11.392205,77.733919,320.0,6.4,0.65,42.8,317.4,141.6,131.4,INTERROGATION
S0528,M006,2026-08-24T07:51:32.654731,11.392073,77.733438,320.0,6.8,0.66,44.6,324.7,124.2,127.5,INTERROGATION
S0529,M006,2026-08-24T08:01:32.654731,11.391334,77.733476,320.0,6.8,1.44,48.1,308.8,131.1,130.8,INTERROGATION
S0530,M006,2026-08-24T08:11:32.654731,11.391265,77.733378,320.0,6.8,1.33,46.8,325.6,132.9,129.6,INTERROGATION
S0531,M006,2026-08-24T08:21:32.654731,11.392008,77.734343,320.0,6.1,0.67,46.3,317.5,131.9,129.0,INTERROGATION
S0532,M006,2026-08-24T08:31:32.654731,11.39258,77.735057,320.0,6.9,0.67,50.2,308.7,76.9,118.6,INTERROGATION
S0533,M006,2026-08-24T08:41:32.654731,11.392564,77.733799,320.0,6.8,0.64,47.9,198.5,135.8,133.1,INTERROGATION
S0534,M006,2026-08-24T08:51:32.654731,11.392184,77.73374,320.0,6.9,0.64,49.8,342.5,134.6,131.6,INTERROGATION
S0535,M006,2026-08-24T09:01:32.654731,11.392286,77.733427,320.0,6.8,0.66,45.5,224.7,140.8,131.8,INTERROGATION
S0536,M006,2026-08-24T09:11:32.654731,11.391931,77.734898,320.0,6.9,0.66,45.6,322.5,131.0,82.3,INTERROGATION
S0537,M006,2026-08-24T09:21:32.654731,11.392837,77.734679,320.0,6.7,0.68,49.4,314.4,72.0,129.4,INTERROGATION
S0538,M006,2026-08-24T09:31:32.654731,11.39231,77.733355,320.0,6.8,0.59,47.0,222.8,137.5,127.2,INTERROGATION
S0539,M006,2026-08-24T09:41:32.654731,11.391966,77.73432,320.0,6.4,0.64,50.1,320.6,139.6,128.5,INTERROGATION
S0540,M006,2026-08-24T09:51:32.654731,11.39144,77.735,320.0,6.7,0.69,47.7,321.8,139.9,75.7,INTERROGATION
S0541,M006,2026-08-24T10:01:32.654731,11.392578,77.734989,320.0,6.8,0.63,47.7,320.6,73.2,126.9,INTERROGATION
S0542,M006,2026-08-24T10:11:32.654731,11.391748,77.735088,320.0,6.9,0.68,47.8,321.9,133.8,89.4,INTERROGATION
S0543,M006,2026-08-24T10:21:32.654731,11.392766,77.733613,320.0,6.9,0.63,51.9,190.2,141.5,128.5,INTERROGATION
S0544,M006,2026-08-24T10:31:32.654731,11.391611,77.733388,320.0,6.8,1.38,46.9,311.7,132.6,129.5,INTERROGATION
S0545,M006,2026-08-24T10:41:32.654731,11.39225,77.734907,320.0,6.8,0.62,45.8,334.4,132.1,106.9,INTERROGATION
S0546,M006,2026-08-24T10:51:32.654731,11.392108,77.733294,320.0,6.9,0.69,47.7,316.9,134.8,131.4,INTERROGATION
S0547,M006,2026-08-24T11:01:32.654731,11.392104,77.734954,320.0,6.8,0.7,49.0,322.5,128.9,83.1,INTERROGATION
S0548,M006,2026-08-24T11:11:32.654731,11.391895,77.735058,320.0,6.8,0.66,47.8,329.0,135.3,84.2,INTERROGATION
S0549,M006,2026-08-24T11:21:32.654731,11.391951,77.734894,320.0,6.8,0.64,46.4,320.7,135.1,87.5,INTERROGATION
S0550,M006,2026-08-24T11:31:32.654731,11.391723,77.734144,320.0,6.8,0.67,47.3,318.0,138.9,127.2,INTERROGATION
S0551,M006,2026-08-24T11:41:32.654731,11.392049,77.733699,320.0,6.8,0.62,47.6,323.9,135.0,131.2,INTERROGATION
S0552,M006,2026-08-24T11:51:32.654731,11.391522,77.734919,320.0,6.9,0.64,48.7,315.9,131.6,74.6,INTERROGATION
S0553,M006,2026-08-24T12:01:32.654731,11.39127,77.733321,320.0,6.8,1.34,53.9,314.3,133.3,129.7,INTERROGATION
S0554,M006,2026-08-24T12:11:32.654731,11.392611,77.7333,320.0,6.8,0.66,51.2,196.8,125.5,128.0,INTERROGATION
S0555,M006,2026-08-24T12:21:32.654731,11.392798,77.734924,320.0,6.9,0.6,40.5,324.6,79.8,125.6,INTERROGATION
S0556,M006,2026-08-24T12:31:32.654731,11.391708,77.733794,320.0,6.8,1.44,49.2,297.2,131.6,125.5,INTERROGATION
S0557,M006,2026-08-24T12:41:32.654731,11.391356,77.733838,320.0,6.9,1.37,48.1,324.5,142.4,128.1,INTERROGATION
S0558,M006,2026-08-24T12:51:32.654731,11.39252,77.735111,320.0,6.8,0.6,42.0,326.8,84.4,134.7,INTERROGATION
S0559,M006,2026-08-24T13:01:32.654731,11.392286,77.733699,320.0,6.9,0.66,48.7,217.6,128.7,135.4,INTERROGATION
S0560,M006,2026-08-24T13:11:32.654731,11.39259,77.733594,320.0,6.7,0.61,51.6,198.0,140.8,129.7,INTERROGATION
S0561,M006,2026-08-24T13:21:32.654731,11.392238,77.73391,320.0,6.6,0.67,48.1,307.7,135.7,138.8,INTERROGATION
S0562,M006,2026-08-24T13:31:32.654731,11.392002,77.735058,320.0,6.9,0.66,48.5,311.3,135.9,95.5,INTERROGATION
S0563,M006,2026-08-24T13:41:32.654731,11.392493,77.733965,320.0,6.8,0.62,50.5,213.9,138.0,128.8,INTERROGATION
S0564,M006,2026-08-24T13:51:32.654731,11.392941,77.734096,320.0,6.8,0.59,45.2,327.4,134.5,127.9,INTERROGATION
S0565,M006,2026-08-24T14:01:32.654731,11.391836,77.733861,320.0,6.6,1.38,46.5,312.3,134.7,131.5,INTERROGATION
S0566,M006,2026-08-24T14:11:32.654731,11.392,77.734341,320.0,6.3,0.68,46.1,321.6,133.2,130.7,INTERROGATION
S0567,M006,2026-08-24T14:21:32.654731,11.392273,77.73464,320.0,6.8,0.64,44.3,318.3,139.8,95.0,INTERROGATION
S0568,M006,2026-08-24T14:31:32.654731,11.392181,77.733512,320.0,6.7,0.63,46.9,309.1,131.1,132.8,INTERROGATION
S0569,M006,2026-08-24T14:41:32.654731,11.39186,77.733999,320.0,6.6,1.33,47.5,316.3,135.2,123.0,INTERROGATION
S0570,M006,2026-08-24T14:51:32.654731,11.3926,77.734859,320.0,6.8,0.68,45.2,329.0,76.5,128.7,INTERROGATION
S0571,M006,2026-08-24T15:01:32.654731,11.391217,77.734033,320.0,6.9,0.62,46.1,328.3,132.6,133.6,INTERROGATION
S0572,M006,2026-08-24T15:11:32.654731,11.392003,77.734617,320.0,6.9,0.62,49.9,321.6,136.9,85.2,INTERROGATION
S0573,M006,2026-08-24T15:21:32.654731,11.392223,77.733786,320.0,6.6,0.64,50.4,321.5,142.8,134.1,INTERROGATION
S0574,M006,2026-08-24T15:31:32.654731,11.392134,77.733375,320.0,6.8,0.6,45.6,315.5,126.9,130.2,INTERROGATION
S0575,M006,2026-08-24T15:41:32.654731,11.391664,77.734134,320.0,6.8,0.67,48.6,317.4,137.4,132.7,INTERROGATION
S0576,M006,2026-08-24T15:51:32.654731,11.391404,77.734465,320.0,6.8,0.69,46.5,336.8,132.9,81.7,INTERROGATION
S0577,M006,2026-08-24T16:01:32.654731,11.39235,77.733431,320.0,6.7,0.63,45.3,218.8,139.0,132.6,INTERROGATION
S0578,M006,2026-08-24T16:11:32.654731,11.391493,77.733473,320.0,6.6,1.53,48.7,313.8,135.6,130.7,INTERROGATION
S0579,M006,2026-08-24T16:21:32.654731,11.392327,77.733419,320.0,6.8,0.64,46.3,208.6,135.6,132.3,INTERROGATION
S0580,M006,2026-08-24T16:31:32.654731,11.392704,77.734587,320.0,6.8,0.63,50.1,309.1,73.6,126.1,INTERROGATION
S0581,M006,2026-08-24T16:41:32.654731,11.392876,77.733326,320.0,6.9,0.68,49.2,229.5,131.5,131.4,INTERROGATION
S0582,M006,2026-08-24T16:51:32.654731,11.392371,77.735087,320.0,6.8,0.68,47.7,316.9,89.2,133.5,INTERROGATION
S0583,M006,2026-08-24T17:01:32.654731,11.392027,77.733382,320.0,6.7,0.58,48.5,324.9,136.0,122.2,INTERROGATION
S0584,M006,2026-08-24T17:11:32.654731,11.391318,77.735069,320.0,6.8,0.58,51.4,311.3,140.0,88.3,INTERROGATION
S0585,M006,2026-08-24T17:21:32.654731,11.391682,77.733861,320.0,6.8,1.42,48.3,316.1,127.9,121.1,INTERROGATION
S0586,M006,2026-08-24T17:31:32.654731,11.391338,77.734514,320.0,6.8,0.67,50.9,317.8,133.6,83.6,INTERROGATION
S0587,M006,2026-08-24T17:41:32.654731,11.392191,77.733635,320.0,6.8,0.67,43.2,313.9,131.5,130.4,INTERROGATION
S0588,M006,2026-08-24T17:51:32.654731,11.392562,77.734352,320.0,6.8,0.64,50.9,322.4,140.1,131.2,INTERROGATION
S0589,M006,2026-08-24T18:01:32.654731,11.391788,77.733924,320.0,6.7,1.4,51.0,334.8,138.4,134.7,INTERROGATION
S0590,M006,2026-08-24T18:11:32.654731,11.39157,77.733929,320.0,6.9,1.44,48.3,323.1,136.3,135.1,INTERROGATION
S0591,M006,2026-08-24T18:21:32.654731,11.392313,77.734717,320.0,6.9,0.67,46.8,326.1,76.9,134.2,INTERROGATION
S0592,M006,2026-08-24T18:31:32.654731,11.392925,77.733342,320.0,6.7,0.66,45.9,227.2,134.9,123.6,INTERROGATION
S0593,M006,2026-08-24T18:41:32.654731,11.392847,77.73367,320.0,6.8,0.63,50.2,206.2,136.6,126.2,INTERROGATION
S0594,M006,2026-08-24T18:51:32.654731,11.391619,77.733569,320.0,6.9,1.54,46.0,328.6,126.3,125.2,INTERROGATION
S0595,M006,2026-08-24T19:01:32.654731,11.392972,77.733818,320.0,6.7,0.61,44.0,222.0,134.1,131.5,INTERROGATION
S0596,M006,2026-08-24T19:11:32.654731,11.392813,77.733471,320.0,6.9,0.66,49.6,208.0,130.3,134.2,INTERROGATION
S0597,M006,2026-08-24T19:21:32.654731,11.391538,77.733839,320.0,6.8,1.44,47.0,322.8,136.4,126.4,INTERROGATION
S0598,M006,2026-08-24T19:31:32.654731,11.391554,77.73346,320.0,6.8,1.5,49.2,336.6,139.7,134.6,INTERROGATION
S0599,M006,2026-08-24T19:41:32.654731,11.392332,77.73377,320.0,6.8,0.63,48.4,222.7,137.0,126.5,INTERROGATION
S0600,M007,2026-08-24T19:51:32.654731,11.392414,77.735082,320.0,6.9,0.63,48.5,317.6,84.6,133.1,INTERROGATION
S0601,M007,2026-08-24T20:01:32.654731,11.392335,77.734072,320.0,6.4,0.63,48.9,324.7,134.6,129.8,INTERROGATION
S0602,M007,2026-08-24T20:11:32.654731,11.391682,77.734958,320.0,6.9,0.68,50.2,312.3,134.7,77.5,INTERROGATION
S0603,M007,2026-08-24T20:21:32.654731,11.392328,77.733549,320.0,6.8,0.67,45.3,228.6,131.4,130.9,INTERROGATION
S0604,M007,2026-08-24T20:31:32.654731,11.39123,77.734953,320.0,6.9,0.63,50.1,310.2,140.8,84.2,INTERROGATION
S0605,M007,2026-08-24T20:41:32.654731,11.391444,77.735078,320.0,6.8,0.64,50.0,315.3,132.0,81.4,INTERROGATION
S0606,M007,2026-08-24T20:51:32.654731,11.391816,77.735085,320.0,6.7,0.7,46.6,326.7,135.8,81.6,INTERROGATION
S0607,M007,2026-08-24T21:01:32.654731,11.392873,77.734194,320.0,6.8,0.69,50.6,327.4,133.2,125.7,INTERROGATION
S0608,M007,2026-08-24T21:11:32.654731,11.392347,77.733411,320.0,6.8,0.58,48.0,220.3,133.9,135.2,INTERROGATION
S0609,M007,2026-08-24T21:21:32.654731,11.392634,77.734375,320.0,6.8,0.68,52.1,330.5,130.6,129.0,INTERROGATION
S0610,M007,2026-08-24T21:31:32.654731,11.391368,77.733312,320.0,6.8,1.37,49.7,313.3,135.3,121.9,INTERROGATION
S0611,M007,2026-08-24T21:41:32.654731,11.391492,77.735045,320.0,6.9,0.63,48.1,317.5,139.6,69.3,INTERROGATION
S0612,M007,2026-08-24T21:51:32.654731,11.391213,77.734058,320.0,6.8,0.7,45.8,326.2,136.4,135.0,INTERROGATION
S0613,M007,2026-08-24T22:01:32.654731,11.391579,77.733716,320.0,6.9,1.51,44.1,315.7,136.5,133.4,INTERROGATION
S0614,M007,2026-08-24T22:11:32.654731,11.392006,77.734178,320.0,6.0,0.61,43.0,297.3,138.3,130.5,INTERROGATION
S0615,M007,2026-08-24T22:21:32.654731,11.392642,77.73411,320.0,6.9,0.7,44.5,319.7,128.5,129.1,INTERROGATION
S0616,M007,2026-08-24T22:31:32.654731,11.392847,77.733897,320.0,6.8,0.67,49.8,231.5,133.7,126.2,INTERROGATION
S0617,M007,2026-08-24T22:41:32.654731,11.391378,77.734426,320.0,6.9,0.64,46.6,316.2,137.9,82.8,INTERROGATION
S0618,M007,2026-08-24T22:51:32.654731,11.392479,77.734051,320.0,6.7,0.65,49.6,306.9,136.9,125.8,INTERROGATION
S0619,M007,2026-08-24T23:01:32.654731,11.391641,77.7346,320.0,6.9,0.68,50.2,322.0,134.1,74.6,INTERROGATION
S0620,M007,2026-08-24T23:11:32.654731,11.391646,77.735097,320.0,6.9,0.63,45.4,325.3,131.8,78.9,INTERROGATION
S0621,M007,2026-08-24T23:21:32.654731,11.39194,77.733712,320.0,6.8,0.66,50.4,324.2,134.2,129.2,INTERROGATION
S0622,M007,2026-08-24T23:31:32.654731,11.392623,77.734414,320.0,6.8,0.64,45.5,308.4,85.3,132.3,INTERROGATION
S0623,M007,2026-08-24T23:41:32.654731,11.39192,77.735022,320.0,6.9,0.64,50.4,319.7,132.6,89.4,INTERROGATION
S0624,M007,2026-08-24T23:51:32.654731,11.39265,77.734844,320.0,6.8,0.65,54.0,329.5,78.5,130.4,INTERROGATION
S0625,M007,2026-08-25T00:01:32.654731,11.392399,77.734793,320.0,6.8,0.64,47.8,294.6,80.1,128.0,INTERROGATION
S0626,M007,2026-08-25T00:11:32.654731,11.392106,77.734687,320.0,6.7,0.65,45.4,323.8,136.2,95.9,INTERROGATION
S0627,M007,2026-08-25T00:21:32.654731,11.391482,77.73505,320.0,6.7,0.65,44.6,325.6,137.1,82.8,INTERROGATION
S0628,M007,2026-08-25T00:31:32.654731,11.392963,77.734203,320.0,6.9,0.64,48.3,311.3,131.5,130.4,INTERROGATION
S0629,M007,2026-08-25T00:41:32.654731,11.391952,77.734849,320.0,6.8,0.64,46.7,322.4,129.0,90.2,INTERROGATION
S0630,M007,2026-08-25T00:51:32.654731,11.392621,77.73371,320.0,6.7,0.67,49.7,203.7,131.0,131.0,INTERROGATION
S0631,M007,2026-08-25T01:01:32.654731,11.391969,77.733577,320.0,6.9,0.67,48.0,312.2,137.6,130.1,INTERROGATION
S0632,M007,2026-08-25T01:11:32.654731,11.392164,77.734005,320.0,6.3,0.69,45.3,294.6,136.1,131.2,INTERROGATION
S0633,M007,2026-08-25T01:21:32.654731,11.391926,77.733894,320.0,7.0,0.64,49.8,314.8,126.6,129.3,INTERROGATION
S0634,M007,2026-08-25T01:31:32.654731,11.391392,77.73372,320.0,6.8,1.47,47.6,309.9,136.9,122.2,INTERROGATION
S0635,M007,2026-08-25T01:41:32.654731,11.392193,77.733936,320.0,6.6,0.65,44.5,314.3,133.9,123.6,INTERROGATION
S0636,M007,2026-08-25T01:51:32.654731,11.392568,77.73366,320.0,6.9,0.64,49.9,185.5,137.6,126.8,INTERROGATION
S0637,M007,2026-08-25T02:01:32.654731,11.391293,77.734848,320.0,6.8,0.64,51.3,313.0,137.5,79.0,INTERROGATION
S0638,M007,2026-08-25T02:11:32.654731,11.391427,77.733609,320.0,6.7,1.48,47.8,321.9,135.3,133.2,INTERROGATION
S0639,M007,2026-08-25T02:21:32.654731,11.391685,77.734572,320.0,6.9,0.61,49.5,325.0,127.4,78.4,INTERROGATION
S0640,M007,2026-08-25T02:31:32.654731,11.391472,77.733804,320.0,6.9,1.45,46.0,320.6,137.7,129.4,INTERROGATION
S0641,M007,2026-08-25T02:41:32.654731,11.392348,77.734755,320.0,6.6,0.63,46.6,323.8,70.5,140.2,INTERROGATION
S0642,M007,2026-08-25T02:51:32.654731,11.392325,77.73502,320.0,6.9,0.72,50.2,327.6,86.8,129.4,INTERROGATION
S0643,M007,2026-08-25T03:01:32.654731,11.391478,77.733835,320.0,6.7,1.42,47.8,306.5,135.8,129.9,INTERROGATION
S0644,M007,2026-08-25T03:11:32.654731,11.3913,77.733542,320.0,6.8,1.41,55.7,330.9,130.0,130.9,INTERROGATION
S0645,M007,2026-08-25T03:21:32.654731,11.391555,77.733867,320.0,6.7,1.47,46.3,327.7,139.0,135.5,INTERROGATION
S0646,M007,2026-08-25T03:31:32.654731,11.392609,77.735004,320.0,6.7,0.66,49.6,316.2,76.3,136.4,INTERROGATION
S0647,M007,2026-08-25T03:41:32.654731,11.392857,77.734476,320.0,6.7,0.61,46.6,319.0,79.0,130.0,INTERROGATION
S0648,M007,2026-08-25T03:51:32.654731,11.391922,77.733926,320.0,6.7,0.67,47.0,311.9,130.9,128.5,INTERROGATION
S0649,M007,2026-08-25T04:01:32.654731,11.392638,77.734581,320.0,6.8,0.62,48.7,313.4,75.0,135.3,INTERROGATION
S0650,M007,2026-08-25T04:11:32.654731,11.392242,77.734956,320.0,6.7,0.66,50.7,317.0,140.4,105.7,INTERROGATION
S0651,M007,2026-08-25T04:21:32.654731,11.392761,77.734924,320.0,6.9,0.66,49.5,331.3,79.9,128.0,INTERROGATION
S0652,M007,2026-08-25T04:31:32.654731,11.392497,77.733439,320.0,6.7,0.65,50.7,191.4,141.1,134.5,INTERROGATION
S0653,M007,2026-08-25T04:41:32.654731,11.392706,77.733677,320.0,6.8,0.69,50.5,189.5,137.3,129.2,INTERROGATION
S0654,M007,2026-08-25T04:51:32.654731,11.391317,77.734291,320.0,6.9,0.68,46.2,309.3,133.5,131.7,INTERROGATION
S0655,M007,2026-08-25T05:01:32.654731,11.392689,77.734315,320.0,6.9,0.68,48.8,308.9,134.2,134.2,INTERROGATION
S0656,M007,2026-08-25T05:11:32.654731,11.392941,77.734112,320.0,6.8,0.62,47.7,322.5,132.4,129.1,INTERROGATION
S0657,M007,2026-08-25T05:21:32.654731,11.392505,77.733854,320.0,6.8,0.69,51.8,207.7,131.0,121.7,INTERROGATION
S0658,M007,2026-08-25T05:31:32.654731,11.391877,77.733956,320.0,6.8,1.32,49.0,302.2,130.2,133.5,INTERROGATION
S0659,M007,2026-08-25T05:41:32.654731,11.391699,77.734997,320.0,6.8,0.7,47.4,320.6,135.8,89.6,INTERROGATION
S0660,M007,2026-08-25T05:51:32.654731,11.392182,77.733942,320.0,6.5,0.67,46.4,319.6,137.8,142.5,INTERROGATION
S0661,M007,2026-08-25T06:01:32.654731,11.391637,77.73465,320.0,6.8,0.64,43.5,317.4,137.9,71.0,INTERROGATION
S0662,M007,2026-08-25T06:11:32.654731,11.392372,77.734797,320.0,6.7,0.65,52.0,325.9,80.3,129.0,INTERROGATION
S0663,M007,2026-08-25T06:21:32.654731,11.391267,77.734327,320.0,6.6,0.71,48.4,323.2,134.8,127.1,INTERROGATION
S0664,M007,2026-08-25T06:31:32.654731,11.391632,77.734144,320.0,7.0,0.61,45.4,316.5,140.2,130.1,INTERROGATION
S0665,M007,2026-08-25T06:41:32.654731,11.392396,77.733903,320.0,6.9,0.67,49.8,235.9,143.7,127.3,INTERROGATION
S0666,M007,2026-08-25T06:51:32.654731,11.392203,77.734646,320.0,6.8,0.6,47.6,313.5,138.3,101.7,INTERROGATION
S0667,M007,2026-08-25T07:01:32.654731,11.392984,77.733792,320.0,6.6,0.65,50.8,217.2,137.9,131.4,INTERROGATION
S0668,M007,2026-08-25T07:11:32.654731,11.391566,77.734886,320.0,6.7,0.62,49.8,320.2,134.4,74.5,INTERROGATION
S0669,M007,2026-08-25T07:21:32.654731,11.392742,77.734009,320.0,6.8,0.61,49.9,216.8,135.1,136.4,INTERROGATION
S0670,M007,2026-08-25T07:31:32.654731,11.39298,77.734136,320.0,6.7,0.64,49.5,307.6,135.8,130.4,INTERROGATION
S0671,M007,2026-08-25T07:41:32.654731,11.392788,77.734228,320.0,6.8,0.69,45.5,321.1,135.3,125.7,INTERROGATION
S0672,M007,2026-08-25T07:51:32.654731,11.391684,77.73332,320.0,6.9,1.45,48.0,324.0,135.3,127.1,INTERROGATION
S0673,M007,2026-08-25T08:01:32.654731,11.392715,77.735113,320.0,6.7,0.63,44.5,333.6,83.5,128.6,INTERROGATION
S0674,M007,2026-08-25T08:11:32.654731,11.391677,77.734542,320.0,6.7,0.65,50.6,324.0,136.0,79.0,INTERROGATION
S0675,M007,2026-08-25T08:21:32.654731,11.392486,77.734981,320.0,6.7,0.65,45.3,320.6,78.3,140.2,INTERROGATION
S0676,M007,2026-08-25T08:31:32.654731,11.392321,77.733299,320.0,6.8,0.61,47.7,232.6,141.7,127.6,INTERROGATION
S0677,M007,2026-08-25T08:41:32.654731,11.392287,77.73383,320.0,6.7,0.64,47.4,220.5,137.8,127.3,INTERROGATION
S0678,M007,2026-08-25T08:51:32.654731,11.391562,77.733428,320.0,6.8,1.45,48.4,320.8,136.7,133.4,INTERROGATION
S0679,M007,2026-08-25T09:01:32.654731,11.391293,77.73472,320.0,6.8,0.66,44.0,320.4,136.9,82.6,INTERROGATION
S0680,M007,2026-08-25T09:11:32.654731,11.392966,77.733567,320.0,6.7,0.63,46.6,219.8,139.1,128.4,INTERROGATION
S0681,M007,2026-08-25T09:21:32.654731,11.392198,77.734938,320.0,6.8,0.64,49.9,322.6,144.1,94.7,INTERROGATION
S0682,M007,2026-08-25T09:31:32.654731,11.391539,77.734761,320.0,6.7,0.65,48.3,343.3,134.3,70.5,INTERROGATION
S0683,M007,2026-08-25T09:41:32.654731,11.391801,77.73424,320.0,6.6,0.65,50.0,327.8,133.0,129.4,INTERROGATION
S0684,M007,2026-08-25T09:51:32.654731,11.392559,77.735037,320.0,6.7,0.62,48.8,309.8,79.3,126.0,INTERROGATION
S0685,M007,2026-08-25T10:01:32.654731,11.392455,77.734311,320.0,6.7,0.59,47.7,320.1,135.9,128.2,INTERROGATION
S0686,M007,2026-08-25T10:11:32.654731,11.392857,77.733778,320.0,6.9,0.59,47.1,210.7,131.3,136.9,INTERROGATION
S0687,M007,2026-08-25T10:21:32.654731,11.392047,77.733371,320.0,6.8,0.63,43.4,316.6,139.1,128.7,INTERROGATION
S0688,M007,2026-08-25T10:31:32.654731,11.392549,77.733781,320.0,6.8,0.63,48.4,209.9,144.5,133.3,INTERROGATION
S0689,M007,2026-08-25T10:41:32.654731,11.391859,77.734765,320.0,6.7,0.65,48.3,311.4,134.3,82.3,INTERROGATION
S0690,M007,2026-08-25T10:51:32.654731,11.392766,77.734685,320.0,6.8,0.63,46.7,310.4,83.6,130.1,INTERROGATION
S0691,M007,2026-08-25T11:01:32.654731,11.391403,77.734028,320.0,7.0,0.62,46.9,323.3,137.4,133.8,INTERROGATION
S0692,M007,2026-08-25T11:11:32.654731,11.392201,77.734567,320.0,6.7,0.64,48.8,336.5,129.4,103.0,INTERROGATION
S0693,M007,2026-08-25T11:21:32.654731,11.392833,77.734361,320.0,6.8,0.62,49.9,325.2,138.9,129.9,INTERROGATION
S0694,M007,2026-08-25T11:31:32.654731,11.391681,77.734036,320.0,6.9,0.66,45.6,315.7,133.1,124.1,INTERROGATION
S0695,M007,2026-08-25T11:41:32.654731,11.391652,77.73387,320.0,6.8,1.42,43.9,336.2,140.0,126.9,INTERROGATION
S0696,M007,2026-08-25T11:51:32.654731,11.392809,77.734672,320.0,6.9,0.63,50.7,315.6,72.1,132.9,INTERROGATION
S0697,M007,2026-08-25T12:01:32.654731,11.3922,77.734251,320.0,5.9,0.67,47.0,326.3,129.1,124.9,INTERROGATION
S0698,M007,2026-08-25T12:11:32.654731,11.392178,77.733415,320.0,6.7,0.67,50.6,324.8,141.5,131.7,INTERROGATION
S0699,M007,2026-08-25T12:21:32.654731,11.392392,77.733934,320.0,6.8,0.68,51.9,222.7,129.0,126.3,INTERROGATION
S0700,M008,2026-08-25T12:31:32.654731,11.392027,77.734784,320.0,6.8,0.67,49.7,322.2,134.2,86.8,INTERROGATION
S0701,M008,2026-08-25T12:41:32.654731,11.392476,77.734795,320.0,6.8,0.68,47.7,313.2,74.1,126.1,INTERROGATION
S0702,M008,2026-08-25T12:51:32.654731,11.392591,77.73342,320.0,6.8,0.69,46.0,209.1,132.4,129.0,INTERROGATION
S0703,M008,2026-08-25T13:01:32.654731,11.392932,77.734765,320.0,6.7,0.64,47.5,324.3,81.9,125.2,INTERROGATION
S0704,M008,2026-08-25T13:11:32.654731,11.3929,77.733288,320.0,6.9,0.66,48.5,225.2,132.9,130.9,INTERROGATION
S0705,M008,2026-08-25T13:21:32.654731,11.392988,77.734031,320.0,6.8,0.6,46.7,318.0,136.0,134.8,INTERROGATION
S0706,M008,2026-08-25T13:31:32.654731,11.392999,77.733808,320.0,6.7,0.64,46.7,214.2,133.6,133.1,INTERROGATION
S0707,M008,2026-08-25T13:41:32.654731,11.391402,77.73488,320.0,6.7,0.66,43.7,315.5,133.7,84.4,INTERROGATION
S0708,M008,2026-08-25T13:51:32.654731,11.392982,77.733382,320.0,6.8,0.58,43.0,224.7,137.5,131.5,INTERROGATION
S0709,M008,2026-08-25T14:01:32.654731,11.39289,77.734761,320.0,6.8,0.68,46.7,327.2,72.9,126.4,INTERROGATION
S0710,M008,2026-08-25T14:11:32.654731,11.392041,77.733806,320.0,6.8,0.65,48.2,312.6,134.2,124.0,INTERROGATION
S0711,M008,2026-08-25T14:21:32.654731,11.39198,77.734751,320.0,6.8,0.7,44.9,311.0,130.6,85.5,INTERROGATION
S0712,M008,2026-08-25T14:31:32.654731,11.391624,77.734995,320.0,6.8,0.67,54.4,302.0,137.4,76.8,INTERROGATION
S0713,M008,2026-08-25T14:41:32.654731,11.391554,77.733673,320.0,6.7,1.55,50.1,320.2,140.4,123.9,INTERROGATION
S0714,M008,2026-08-25T14:51:32.654731,11.391486,77.73506,320.0,6.7,0.58,46.3,321.3,135.4,81.8,INTERROGATION
S0715,M008,2026-08-25T15:01:32.654731,11.391234,77.733882,320.0,6.7,1.37,48.6,325.9,127.4,131.2,INTERROGATION
S0716,M008,2026-08-25T15:11:32.654731,11.391907,77.733611,320.0,6.8,1.38,45.9,320.1,128.9,134.6,INTERROGATION
S0717,M008,2026-08-25T15:21:32.654731,11.392741,77.73408,320.0,6.8,0.63,46.1,327.0,132.2,132.6,INTERROGATION
S0718,M008,2026-08-25T15:31:32.654731,11.391779,77.734137,320.0,6.7,0.61,48.1,310.5,138.7,129.6,INTERROGATION
S0719,M008,2026-08-25T15:41:32.654731,11.392875,77.733986,320.0,6.9,0.65,46.1,207.8,132.3,127.5,INTERROGATION
S0720,M008,2026-08-25T15:51:32.654731,11.391267,77.734464,320.0,6.9,0.63,47.9,329.5,136.4,84.9,INTERROGATION
S0721,M008,2026-08-25T16:01:32.654731,11.39156,77.733677,320.0,6.7,1.48,49.9,318.2,129.6,137.1,INTERROGATION
S0722,M008,2026-08-25T16:11:32.654731,11.392883,77.73337,320.0,6.8,0.61,46.9,219.1,141.8,125.6,INTERROGATION
S0723,M008,2026-08-25T16:21:32.654731,11.392457,77.734454,320.0,6.7,0.64,45.4,318.4,83.0,132.6,INTERROGATION
S0724,M008,2026-08-25T16:31:32.654731,11.391771,77.73469,320.0,6.6,0.65,48.7,322.0,133.7,78.7,INTERROGATION
S0725,M008,2026-08-25T16:41:32.654731,11.39222,77.734684,320.0,6.8,0.63,47.6,333.1,134.3,97.9,INTERROGATION
S0726,M008,2026-08-25T16:51:32.654731,11.392675,77.733942,320.0,7.0,0.66,48.2,212.1,125.5,133.0,INTERROGATION
S0727,M008,2026-08-25T17:01:32.654731,11.392917,77.734461,320.0,6.7,0.64,47.0,328.2,84.1,138.3,INTERROGATION
S0728,M008,2026-08-25T17:11:32.654731,11.391558,77.734387,320.0,6.8,0.63,42.5,332.8,137.8,85.1,INTERROGATION
S0729,M008,2026-08-25T17:21:32.654731,11.392589,77.733352,320.0,6.8,0.61,46.8,218.9,130.8,119.9,INTERROGATION
S0730,M008,2026-08-25T17:31:32.654731,11.391483,77.733338,320.0,6.8,1.4,48.3,325.8,137.6,131.0,INTERROGATION
S0731,M008,2026-08-25T17:41:32.654731,11.391822,77.734423,320.0,6.8,0.67,44.9,308.0,132.0,82.9,INTERROGATION
S0732,M008,2026-08-25T17:51:32.654731,11.39165,77.734762,320.0,6.7,0.63,50.8,320.1,134.3,75.1,INTERROGATION
S0733,M008,2026-08-25T18:01:32.654731,11.391841,77.734655,320.0,6.9,0.66,47.6,340.0,130.8,79.3,INTERROGATION
S0734,M008,2026-08-25T18:11:32.654731,11.3924,77.733803,320.0,6.9,0.7,51.1,209.8,133.5,123.3,INTERROGATION
S0735,M008,2026-08-25T18:21:32.654731,11.392168,77.734501,320.0,6.6,0.69,45.6,323.3,134.3,100.2,INTERROGATION
S0736,M008,2026-08-25T18:31:32.654731,11.392514,77.733318,320.0,6.8,0.61,48.2,225.0,134.9,133.1,INTERROGATION
S0737,M008,2026-08-25T18:41:32.654731,11.392083,77.733501,320.0,6.8,0.67,48.1,325.5,139.4,132.8,INTERROGATION
S0738,M008,2026-08-25T18:51:32.654731,11.391435,77.734386,320.0,6.8,0.63,47.1,317.0,131.1,76.1,INTERROGATION
S0739,M008,2026-08-25T19:01:32.654731,11.392322,77.733418,320.0,6.7,0.65,52.8,228.8,141.6,131.6,INTERROGATION
S0740,M008,2026-08-25T19:11:32.654731,11.391804,77.734687,320.0,6.7,0.57,51.0,332.3,132.8,78.1,INTERROGATION
S0741,M008,2026-08-25T19:21:32.654731,11.391363,77.734978,320.0,6.7,0.66,50.8,306.1,136.6,79.5,INTERROGATION
S0742,M008,2026-08-25T19:31:32.654731,11.391216,77.733651,320.0,6.8,1.4,47.5,319.2,134.1,133.9,INTERROGATION
S0743,M008,2026-08-25T19:41:32.654731,11.392497,77.734969,320.0,6.7,0.64,50.2,320.3,82.3,137.1,INTERROGATION
S0744,M008,2026-08-25T19:51:32.654731,11.392834,77.733506,320.0,6.9,0.65,46.7,187.7,134.3,128.7,INTERROGATION
S0745,M008,2026-08-25T20:01:32.654731,11.391784,77.735018,320.0,6.8,0.6,45.7,323.8,141.9,82.1,INTERROGATION
S0746,M008,2026-08-25T20:11:32.654731,11.392761,77.734432,320.0,6.7,0.66,46.1,326.9,83.4,131.2,INTERROGATION
S0747,M008,2026-08-25T20:21:32.654731,11.392557,77.733684,320.0,7.0,0.62,47.2,203.0,138.1,127.8,INTERROGATION
S0748,M008,2026-08-25T20:31:32.654731,11.392133,77.73413,320.0,6.0,0.6,46.5,332.5,140.8,133.8,INTERROGATION
S0749,M008,2026-08-25T20:41:32.654731,11.39248,77.733376,320.0,6.8,0.68,45.8,207.0,139.0,129.8,INTERROGATION
S0750,M008,2026-08-25T20:51:32.654731,11.391881,77.734659,320.0,6.8,0.62,48.0,308.2,133.0,76.3,INTERROGATION
S0751,M008,2026-08-25T21:01:32.654731,11.392605,77.734699,320.0,6.7,0.69,54.2,320.4,72.7,141.3,INTERROGATION
S0752,M008,2026-08-25T21:11:32.654731,11.392109,77.733605,320.0,6.8,0.69,48.9,316.0,131.2,128.6,INTERROGATION
S0753,M008,2026-08-25T21:21:32.654731,11.392133,77.733488,320.0,6.8,0.61,51.1,316.0,129.9,129.3,INTERROGATION
S0754,M008,2026-08-25T21:31:32.654731,11.391681,77.734217,320.0,6.8,0.62,52.3,324.2,133.4,127.0,INTERROGATION
S0755,M008,2026-08-25T21:41:32.654731,11.392812,77.735068,320.0,6.8,0.67,47.9,318.3,83.8,127.6,INTERROGATION
S0756,M008,2026-08-25T21:51:32.654731,11.391809,77.734151,320.0,6.7,0.66,46.1,335.2,135.3,125.9,INTERROGATION
S0757,M008,2026-08-25T22:01:32.654731,11.391712,77.733367,320.0,6.9,1.41,49.0,316.6,136.8,129.0,INTERROGATION
S0758,M008,2026-08-25T22:11:32.654731,11.391777,77.734296,320.0,6.7,0.7,46.1,315.2,133.2,125.1,INTERROGATION
S0759,M008,2026-08-25T22:21:32.654731,11.392073,77.733933,320.0,6.5,0.65,47.6,320.3,139.1,129.2,INTERROGATION
S0760,M008,2026-08-25T22:31:32.654731,11.391742,77.733455,320.0,6.8,1.47,46.4,320.8,136.4,126.0,INTERROGATION
S0761,M008,2026-08-25T22:41:32.654731,11.391574,77.734207,320.0,6.7,0.66,47.0,321.6,134.9,126.1,INTERROGATION
S0762,M008,2026-08-25T22:51:32.654731,11.391489,77.735079,320.0,6.8,0.61,51.5,309.2,134.2,77.7,INTERROGATION
S0763,M008,2026-08-25T23:01:32.654731,11.391694,77.734913,320.0,6.8,0.68,48.1,324.1,131.1,72.2,INTERROGATION
S0764,M008,2026-08-25T23:11:32.654731,11.391319,77.7351,320.0,6.8,0.64,49.6,319.4,135.8,79.1,INTERROGATION
S0765,M008,2026-08-25T23:21:32.654731,11.392068,77.734573,320.0,6.9,0.62,48.8,309.6,136.8,90.1,INTERROGATION
S0766,M008,2026-08-25T23:31:32.654731,11.392897,77.734234,320.0,6.7,0.63,49.1,336.8,134.4,132.4,INTERROGATION
S0767,M008,2026-08-25T23:41:32.654731,11.392449,77.73418,320.0,6.6,0.65,43.9,299.9,136.2,130.6,INTERROGATION
S0768,M008,2026-08-25T23:51:32.654731,11.391792,77.733358,320.0,7.0,1.36,49.3,314.8,136.2,129.0,INTERROGATION
S0769,M008,2026-08-26T00:01:32.654731,11.392468,77.734115,320.0,6.9,0.65,42.2,317.1,145.8,129.1,INTERROGATION
S0770,M008,2026-08-26T00:11:32.654731,11.39154,77.734937,320.0,6.9,0.69,48.5,313.3,125.3,80.0,INTERROGATION
S0771,M008,2026-08-26T00:21:32.654731,11.39226,77.733445,320.0,6.7,0.64,48.1,322.1,130.5,134.8,INTERROGATION
S0772,M008,2026-08-26T00:31:32.654731,11.39137,77.735075,320.0,6.8,0.6,47.7,320.3,135.6,89.0,INTERROGATION
S0773,M008,2026-08-26T00:41:32.654731,11.3917,77.733394,320.0,6.7,1.44,48.5,316.6,127.4,135.8,INTERROGATION
S0774,M008,2026-08-26T00:51:32.654731,11.391854,77.733679,320.0,6.8,1.38,44.3,303.0,137.9,127.8,INTERROGATION
S0775,M008,2026-08-26T01:01:32.654731,11.392073,77.73428,320.0,5.9,0.63,48.6,316.2,137.4,126.1,INTERROGATION
S0776,M008,2026-08-26T01:11:32.654731,11.391902,77.734045,320.0,6.3,0.63,47.2,314.9,140.0,134.9,INTERROGATION
S0777,M008,2026-08-26T01:21:32.654731,11.391715,77.734127,320.0,6.8,0.63,46.4,314.4,132.4,128.5,INTERROGATION
S0778,M008,2026-08-26T01:31:32.654731,11.392351,77.733419,320.0,6.8,0.62,51.2,210.5,128.5,131.5,INTERROGATION
S0779,M008,2026-08-26T01:41:32.654731,11.392372,77.733495,320.0,6.6,0.69,49.7,201.3,129.1,136.7,INTERROGATION
S0780,M008,2026-08-26T01:51:32.654731,11.391605,77.733753,320.0,6.6,1.48,47.4,325.7,129.4,123.9,INTERROGATION
S0781,M008,2026-08-26T02:01:32.654731,11.392707,77.734477,320.0,6.7,0.68,48.1,328.7,80.1,119.9,INTERROGATION
S0782,M008,2026-08-26T02:11:32.654731,11.392402,77.733304,320.0,6.8,0.68,45.8,219.7,134.3,118.4,INTERROGATION
S0783,M008,2026-08-26T02:21:32.654731,11.391926,77.734528,320.0,6.8,0.65,51.1,323.2,134.1,82.5,INTERROGATION
S0784,M008,2026-08-26T02:31:32.654731,11.391806,77.734328,320.0,6.7,0.62,51.1,321.3,137.6,130.3,INTERROGATION
S0785,M008,2026-08-26T02:41:32.654731,11.391947,77.733882,320.0,6.8,0.65,51.0,323.2,131.1,126.8,INTERROGATION
S0786,M008,2026-08-26T02:51:32.654731,11.392617,77.733385,320.0,6.8,0.58,52.2,213.1,139.9,123.7,INTERROGATION
S0787,M008,2026-08-26T03:01:32.654731,11.392254,77.734288,320.0,6.1,0.67,48.0,307.6,137.0,133.3,INTERROGATION
S0788,M008,2026-08-26T03:11:32.654731,11.392621,77.733926,320.0,6.7,0.61,48.3,210.7,132.1,133.2,INTERROGATION
S0789,M008,2026-08-26T03:21:32.654731,11.392694,77.734575,320.0,6.8,0.67,46.9,336.4,74.1,138.4,INTERROGATION
S0790,M008,2026-08-26T03:31:32.654731,11.391539,77.734215,320.0,6.9,0.65,50.1,329.8,136.4,127.6,INTERROGATION
S0791,M008,2026-08-26T03:41:32.654731,11.392101,77.734924,320.0,6.9,0.59,49.1,314.9,141.6,95.5,INTERROGATION
S0792,M008,2026-08-26T03:51:32.654731,11.392851,77.734578,320.0,6.7,0.7,53.0,323.1,86.5,127.7,INTERROGATION
S0793,M008,2026-08-26T04:01:32.654731,11.392139,77.733417,320.0,6.8,0.64,49.3,322.5,131.0,132.1,INTERROGATION
S0794,M008,2026-08-26T04:11:32.654731,11.392245,77.734943,320.0,6.9,0.61,49.2,310.6,130.5,97.9,INTERROGATION
S0795,M008,2026-08-26T04:21:32.654731,11.391763,77.73361,320.0,6.8,1.48,47.2,307.3,139.6,126.7,INTERROGATION
S0796,M008,2026-08-26T04:31:32.654731,11.392949,77.734086,320.0,6.8,0.68,49.2,313.1,143.7,130.8,INTERROGATION
S0797,M008,2026-08-26T04:41:32.654731,11.392802,77.734091,320.0,6.8,0.66,54.2,317.8,133.7,130.5,INTERROGATION
S0798,M008,2026-08-26T04:51:32.654731,11.391788,77.734427,320.0,6.6,0.63,43.9,316.6,137.0,80.9,INTERROGATION
S0799,M008,2026-08-26T05:01:32.654731,11.392126,77.733649,320.0,6.9,0.6,50.1,326.5,138.8,134.9,INTERROGATION
S0800,M009,2026-08-26T05:11:32.654731,11.392059,77.734462,320.0,6.5,0.64,48.0,332.3,129.6,89.9,INTERROGATION
S0801,M009,2026-08-26T05:21:32.654731,11.392357,77.734554,320.0,6.8,0.68,48.9,332.0,83.4,134.1,INTERROGATION
S0802,M009,2026-08-26T05:31:32.654731,11.392132,77.734343,320.0,6.1,0.67,47.1,339.1,135.7,128.9,INTERROGATION
S0803,M009,2026-08-26T05:41:32.654731,11.392545,77.733854,320.0,6.9,0.64,49.4,195.0,135.7,131.8,INTERROGATION
S0804,M009,2026-08-26T05:51:32.654731,11.391946,77.734548,320.0,6.7,0.62,44.7,330.7,141.2,87.7,INTERROGATION
S0805,M009,2026-08-26T06:01:32.654731,11.392167,77.734826,320.0,6.8,0.64,47.2,307.6,136.1,95.2,INTERROGATION
S0806,M009,2026-08-26T06:11:32.654731,11.392197,77.734992,320.0,6.8,0.62,48.2,325.9,130.4,99.2,INTERROGATION
S0807,M009,2026-08-26T06:21:32.654731,11.391201,77.73477,320.0,6.8,0.63,46.5,321.8,130.5,84.5,INTERROGATION
S0808,M009,2026-08-26T06:31:32.654731,11.392525,77.733835,320.0,7.0,0.62,49.3,200.9,139.2,124.9,INTERROGATION
S0809,M009,2026-08-26T06:41:32.654731,11.391484,77.734546,320.0,6.8,0.62,50.1,313.3,137.2,76.7,INTERROGATION
S0810,M009,2026-08-26T06:51:32.654731,11.392806,77.733642,320.0,6.7,0.66,51.8,197.8,139.7,136.0,INTERROGATION
S0811,M009,2026-08-26T07:01:32.654731,11.391708,77.733976,320.0,6.8,1.36,52.7,320.3,131.8,125.4,INTERROGATION
S0812,M009,2026-08-26T07:11:32.654731,11.391801,77.733328,320.0,6.9,1.33,48.1,327.6,133.1,129.8,INTERROGATION
S0813,M009,2026-08-26T07:21:32.654731,11.392783,77.733305,320.0,6.8,0.67,49.5,216.5,135.3,128.5,INTERROGATION
S0814,M009,2026-08-26T07:31:32.654731,11.392188,77.733684,320.0,7.0,0.62,46.1,313.0,137.9,131.8,INTERROGATION
S0815,M009,2026-08-26T07:41:32.654731,11.391662,77.733319,320.0,6.8,1.36,48.2,307.5,135.6,133.5,INTERROGATION
S0816,M009,2026-08-26T07:51:32.654731,11.391838,77.733982,320.0,6.9,1.31,50.8,318.8,134.4,131.8,INTERROGATION
S0817,M009,2026-08-26T08:01:32.654731,11.392209,77.733456,320.0,6.8,0.61,48.8,317.9,134.4,125.2,INTERROGATION
S0818,M009,2026-08-26T08:11:32.654731,11.39229,77.734553,320.0,6.9,0.64,43.7,335.6,85.5,127.0,INTERROGATION
S0819,M009,2026-08-26T08:21:32.654731,11.392678,77.734411,320.0,6.8,0.69,50.7,311.4,80.1,133.8,INTERROGATION
S0820,M009,2026-08-26T08:31:32.654731,11.392092,77.734055,320.0,6.0,0.64,47.3,317.1,132.8,125.6,INTERROGATION
S0821,M009,2026-08-26T08:41:32.654731,11.391844,77.733296,320.0,7.0,1.37,45.1,332.7,133.4,130.5,INTERROGATION
S0822,M009,2026-08-26T08:51:32.654731,11.391296,77.734121,320.0,6.9,0.65,46.8,309.6,131.4,123.4,INTERROGATION
S0823,M009,2026-08-26T09:01:32.654731,11.39147,77.734207,320.0,6.8,0.69,51.0,319.7,134.7,137.5,INTERROGATION
S0824,M009,2026-08-26T09:11:32.654731,11.391663,77.734908,320.0,6.7,0.66,50.1,314.9,136.2,75.8,INTERROGATION
S0825,M009,2026-08-26T09:21:32.654731,11.39191,77.734186,320.0,6.3,0.68,46.4,320.4,132.0,131.4,INTERROGATION
S0826,M009,2026-08-26T09:31:32.654731,11.391404,77.734036,320.0,6.9,0.68,46.5,324.0,137.1,132.6,INTERROGATION
S0827,M009,2026-08-26T09:41:32.654731,11.392274,77.733901,320.0,6.7,0.64,54.6,322.4,133.5,121.2,INTERROGATION
S0828,M009,2026-08-26T09:51:32.654731,11.391854,77.734459,320.0,6.7,0.64,51.5,326.2,134.4,86.6,INTERROGATION
S0829,M009,2026-08-26T10:01:32.654731,11.392911,77.733397,320.0,6.8,0.65,48.2,226.0,138.9,132.0,INTERROGATION
S0830,M009,2026-08-26T10:11:32.654731,11.39147,77.733352,320.0,6.8,1.43,47.8,311.3,133.4,130.3,INTERROGATION
S0831,M009,2026-08-26T10:21:32.654731,11.391694,77.733341,320.0,6.9,1.39,45.0,320.5,135.5,130.7,INTERROGATION
S0832,M009,2026-08-26T10:31:32.654731,11.392517,77.734585,320.0,6.8,0.63,45.4,325.6,83.8,128.7,INTERROGATION
S0833,M009,2026-08-26T10:41:32.654731,11.392612,77.734114,320.0,6.8,0.66,45.0,325.4,131.3,125.5,INTERROGATION
S0834,M009,2026-08-26T10:51:32.654731,11.39141,77.733783,320.0,6.8,1.42,50.4,329.0,127.2,133.9,INTERROGATION
S0835,M009,2026-08-26T11:01:32.654731,11.392562,77.733754,320.0,6.8,0.65,47.5,212.2,130.0,132.4,INTERROGATION
S0836,M009,2026-08-26T11:11:32.654731,11.392419,77.7347,320.0,7.0,0.63,50.4,319.2,83.6,130.0,INTERROGATION
S0837,M009,2026-08-26T11:21:32.654731,11.392643,77.734035,320.0,6.8,0.61,46.7,325.0,140.6,130.4,INTERROGATION
S0838,M009,2026-08-26T11:31:32.654731,11.391836,77.734461,320.0,6.8,0.64,47.7,320.7,137.8,82.9,INTERROGATION
S0839,M009,2026-08-26T11:41:32.654731,11.391823,77.73507,320.0,6.7,0.65,47.6,318.7,135.1,85.5,INTERROGATION
S0840,M009,2026-08-26T11:51:32.654731,11.392643,77.734012,320.0,6.7,0.63,54.9,209.1,129.6,132.9,INTERROGATION
S0841,M009,2026-08-26T12:01:32.654731,11.392908,77.733593,320.0,6.6,0.64,53.4,198.2,127.1,124.0,INTERROGATION
S0842,M009,2026-08-26T12:11:32.654731,11.392519,77.734542,320.0,6.8,0.67,51.5,334.3,78.1,120.8,INTERROGATION
S0843,M009,2026-08-26T12:21:32.654731,11.391764,77.733542,320.0,6.8,1.44,50.8,330.2,134.3,134.4,INTERROGATION
S0844,M009,2026-08-26T12:31:32.654731,11.392255,77.735075,320.0,6.9,0.65,53.1,308.5,132.9,102.7,INTERROGATION
S0845,M009,2026-08-26T12:41:32.654731,11.392643,77.734392,320.0,6.8,0.61,50.1,326.0,75.7,130.0,INTERROGATION
S0846,M009,2026-08-26T12:51:32.654731,11.392954,77.7345,320.0,6.7,0.63,45.7,326.5,86.1,124.9,INTERROGATION
S0847,M009,2026-08-26T13:01:32.654731,11.391722,77.734437,320.0,6.8,0.63,47.1,324.0,137.1,88.0,INTERROGATION
S0848,M009,2026-08-26T13:11:32.654731,11.392948,77.733968,320.0,6.8,0.66,49.1,224.6,127.8,131.3,INTERROGATION
S0849,M009,2026-08-26T13:21:32.654731,11.391416,77.734574,320.0,6.7,0.69,49.2,318.2,130.5,75.1,INTERROGATION
S0850,M009,2026-08-26T13:31:32.654731,11.392162,77.734795,320.0,6.8,0.67,46.0,332.0,140.4,93.0,INTERROGATION
S0851,M009,2026-08-26T13:41:32.654731,11.392934,77.733514,320.0,6.7,0.57,44.3,203.7,135.5,128.7,INTERROGATION
S0852,M009,2026-08-26T13:51:32.654731,11.391985,77.733639,320.0,6.8,0.67,43.3,319.0,129.5,133.6,INTERROGATION
S0853,M009,2026-08-26T14:01:32.654731,11.391624,77.734624,320.0,6.7,0.64,42.4,322.7,133.9,80.2,INTERROGATION
S0854,M009,2026-08-26T14:11:32.654731,11.391803,77.733662,320.0,6.7,1.41,45.0,328.0,132.2,130.5,INTERROGATION
S0855,M009,2026-08-26T14:21:32.654731,11.391544,77.73403,320.0,6.8,0.67,45.0,326.5,131.6,128.1,INTERROGATION
S0856,M009,2026-08-26T14:31:32.654731,11.391513,77.734679,320.0,6.8,0.64,48.3,301.0,127.7,77.9,INTERROGATION
S0857,M009,2026-08-26T14:41:32.654731,11.391731,77.734629,320.0,6.8,0.66,49.7,303.8,131.5,76.6,INTERROGATION
S0858,M009,2026-08-26T14:51:32.654731,11.392261,77.734246,320.0,6.2,0.61,49.0,330.6,135.4,126.4,INTERROGATION
S0859,M009,2026-08-26T15:01:32.654731,11.392465,77.734738,320.0,6.7,0.66,50.5,329.5,77.0,128.6,INTERROGATION
S0860,M009,2026-08-26T15:11:32.654731,11.391799,77.734511,320.0,6.8,0.61,50.7,317.9,140.1,84.1,INTERROGATION
S0861,M009,2026-08-26T15:21:32.654731,11.391353,77.733618,320.0,6.7,1.5,51.9,327.1,132.0,128.8,INTERROGATION
S0862,M009,2026-08-26T15:31:32.654731,11.391325,77.734363,320.0,6.9,0.65,41.2,322.7,133.6,129.7,INTERROGATION
S0863,M009,2026-08-26T15:41:32.654731,11.391804,77.735075,320.0,6.8,0.67,50.8,322.3,133.6,84.7,INTERROGATION
S0864,M009,2026-08-26T15:51:32.654731,11.391333,77.734219,320.0,6.8,0.66,51.9,330.0,132.3,133.3,INTERROGATION
S0865,M009,2026-08-26T16:01:32.654731,11.392476,77.733676,320.0,6.8,0.62,48.7,182.6,128.0,129.3,INTERROGATION
S0866,M009,2026-08-26T16:11:32.654731,11.391252,77.734393,320.0,6.7,0.63,49.0,324.7,134.9,92.6,INTERROGATION
S0867,M009,2026-08-26T16:21:32.654731,11.391435,77.734561,320.0,6.8,0.61,47.7,328.9,137.7,83.9,INTERROGATION
S0868,M009,2026-08-26T16:31:32.654731,11.392646,77.734075,320.0,6.8,0.69,47.9,325.7,140.9,129.2,INTERROGATION
S0869,M009,2026-08-26T16:41:32.654731,11.392679,77.7343,320.0,6.8,0.61,53.4,316.2,135.6,134.6,INTERROGATION
S0870,M009,2026-08-26T16:51:32.654731,11.391555,77.733864,320.0,6.8,1.4,47.3,322.0,133.9,123.8,INTERROGATION
S0871,M009,2026-08-26T17:01:32.654731,11.392131,77.734685,320.0,6.9,0.64,45.8,322.2,134.1,88.7,INTERROGATION
S0872,M009,2026-08-26T17:11:32.654731,11.391914,77.734648,320.0,6.7,0.69,46.7,315.1,127.9,90.5,INTERROGATION
S0873,M009,2026-08-26T17:21:32.654731,11.392127,77.733595,320.0,6.9,0.66,47.9,306.4,131.8,130.8,INTERROGATION
S0874,M009,2026-08-26T17:31:32.654731,11.392291,77.733446,320.0,6.9,0.68,44.9,239.3,138.1,130.0,INTERROGATION
S0875,M009,2026-08-26T17:41:32.654731,11.39225,77.734271,320.0,6.1,0.64,42.1,321.5,136.5,129.8,INTERROGATION
S0876,M009,2026-08-26T17:51:32.654731,11.39183,77.734112,320.0,6.6,0.69,46.5,323.5,128.7,131.8,INTERROGATION
S0877,M009,2026-08-26T18:01:32.654731,11.39161,77.733302,320.0,6.8,1.36,46.1,316.9,136.5,124.8,INTERROGATION
S0878,M009,2026-08-26T18:11:32.654731,11.391314,77.734866,320.0,6.8,0.65,45.3,334.4,131.6,77.0,INTERROGATION
S0879,M009,2026-08-26T18:21:32.654731,11.392378,77.734046,320.0,6.7,0.62,50.8,321.6,136.0,128.6,INTERROGATION
S0880,M009,2026-08-26T18:31:32.654731,11.392413,77.733492,320.0,6.8,0.7,44.8,222.9,134.6,131.2,INTERROGATION
S0881,M009,2026-08-26T18:41:32.654731,11.392933,77.734938,320.0,6.9,0.63,50.2,298.3,80.3,126.3,INTERROGATION
S0882,M009,2026-08-26T18:51:32.654731,11.391998,77.733595,320.0,6.8,0.67,48.6,314.7,136.5,130.5,INTERROGATION
S0883,M009,2026-08-26T19:01:32.654731,11.391205,77.733737,320.0,6.9,1.39,48.1,312.8,132.4,127.8,INTERROGATION
S0884,M009,2026-08-26T19:11:32.654731,11.392659,77.733529,320.0,6.9,0.65,48.0,203.2,132.9,126.3,INTERROGATION
S0885,M009,2026-08-26T19:21:32.654731,11.391964,77.733849,320.0,6.8,0.63,47.4,323.7,137.1,125.7,INTERROGATION
S0886,M009,2026-08-26T19:31:32.654731,11.392483,77.734546,320.0,6.7,0.63,51.0,318.8,70.8,124.4,INTERROGATION
S0887,M009,2026-08-26T19:41:32.654731,11.391482,77.734065,320.0,6.8,0.65,51.7,317.7,139.3,135.7,INTERROGATION
S0888,M009,2026-08-26T19:51:32.654731,11.392838,77.733314,320.0,6.9,0.66,43.1,223.5,139.2,129.7,INTERROGATION
S0889,M009,2026-08-26T20:01:32.654731,11.392255,77.73452,320.0,6.8,0.68,48.8,300.1,133.0,106.3,INTERROGATION
S0890,M009,2026-08-26T20:11:32.654731,11.391898,77.733457,320.0,6.7,1.41,52.2,312.9,135.6,127.3,INTERROGATION
S0891,M009,2026-08-26T20:21:32.654731,11.39259,77.734803,320.0,6.9,0.66,55.3,311.8,68.5,128.4,INTERROGATION
S0892,M009,2026-08-26T20:31:32.654731,11.391908,77.733994,320.0,6.5,1.26,45.6,324.1,133.0,129.3,INTERROGATION
S0893,M009,2026-08-26T20:41:32.654731,11.391686,77.734693,320.0,6.8,0.66,43.1,300.9,136.4,78.2,INTERROGATION
S0894,M009,2026-08-26T20:51:32.654731,11.392124,77.734514,320.0,6.7,0.64,48.7,333.3,126.5,96.9,INTERROGATION
S0895,M009,2026-08-26T21:01:32.654731,11.392137,77.734486,320.0,6.7,0.63,47.9,320.3,126.1,91.8,INTERROGATION
S0896,M009,2026-08-26T21:11:32.654731,11.392438,77.73374,320.0,6.9,0.66,50.1,205.7,139.8,130.0,INTERROGATION
S0897,M009,2026-08-26T21:21:32.654731,11.391236,77.734392,320.0,6.9,0.64,50.4,310.9,130.6,91.3,INTERROGATION
S0898,M009,2026-08-26T21:31:32.654731,11.391262,77.734033,320.0,6.9,0.63,47.5,331.2,141.2,136.3,INTERROGATION
S0899,M009,2026-08-26T21:41:32.654731,11.392689,77.734062,320.0,6.7,0.62,42.1,333.4,131.5,129.5,INTERROGATION
S0900,M010,2026-08-26T21:51:32.654731,11.392494,77.733674,320.0,6.8,0.61,49.1,191.8,131.7,121.6,INTERROGATION
S0901,M010,2026-08-26T22:01:32.654731,11.392167,77.733655,320.0,6.6,0.61,48.0,315.7,143.0,137.3,INTERROGATION
S0902,M010,2026-08-26T22:11:32.654731,11.392473,77.733607,320.0,6.9,0.63,44.3,204.2,134.3,128.3,INTERROGATION
S0903,M010,2026-08-26T22:21:32.654731,11.391458,77.734586,320.0,6.7,0.65,49.0,310.6,138.7,70.3,INTERROGATION
S0904,M010,2026-08-26T22:31:32.654731,11.391768,77.733441,320.0,6.7,1.4,52.7,313.2,144.8,131.7,INTERROGATION
S0905,M010,2026-08-26T22:41:32.654731,11.392934,77.734364,320.0,7.0,0.62,45.2,314.0,135.1,123.1,INTERROGATION
S0906,M010,2026-08-26T22:51:32.654731,11.39254,77.734206,320.0,6.8,0.64,46.5,327.2,131.7,137.4,INTERROGATION
S0907,M010,2026-08-26T23:01:32.654731,11.392801,77.734835,320.0,7.0,0.66,48.0,328.2,81.7,126.8,INTERROGATION
S0908,M010,2026-08-26T23:11:32.654731,11.391596,77.733995,320.0,6.8,1.41,44.6,316.4,129.6,126.4,INTERROGATION
S0909,M010,2026-08-26T23:21:32.654731,11.391516,77.734647,320.0,6.8,0.6,48.5,319.6,132.1,75.1,INTERROGATION
S0910,M010,2026-08-26T23:31:32.654731,11.391361,77.734367,320.0,6.7,0.7,46.4,319.2,139.0,144.1,INTERROGATION
S0911,M010,2026-08-26T23:41:32.654731,11.391469,77.733472,320.0,6.7,1.47,46.2,315.7,132.1,125.5,INTERROGATION
S0912,M010,2026-08-26T23:51:32.654731,11.391577,77.734185,320.0,6.9,0.65,49.1,316.3,133.5,131.2,INTERROGATION
S0913,M010,2026-08-27T00:01:32.654731,11.391917,77.733594,320.0,6.7,1.35,42.7,330.7,132.3,134.7,INTERROGATION
S0914,M010,2026-08-27T00:11:32.654731,11.391457,77.734858,320.0,6.9,0.61,45.3,340.5,142.0,76.3,INTERROGATION
S0915,M010,2026-08-27T00:21:32.654731,11.391357,77.734509,320.0,6.8,0.63,42.9,309.4,135.1,76.7,INTERROGATION
S0916,M010,2026-08-27T00:31:32.654731,11.391427,77.734157,320.0,6.7,0.68,48.6,319.9,138.5,131.9,INTERROGATION
S0917,M010,2026-08-27T00:41:32.654731,11.391947,77.734692,320.0,6.8,0.61,46.9,327.7,140.2,88.3,INTERROGATION
S0918,M010,2026-08-27T00:51:32.654731,11.392255,77.733938,320.0,6.5,0.68,47.1,325.6,129.7,134.7,INTERROGATION
S0919,M010,2026-08-27T01:01:32.654731,11.391904,77.733763,320.0,6.7,1.32,48.2,334.4,145.7,130.4,INTERROGATION
S0920,M010,2026-08-27T01:11:32.654731,11.392857,77.733371,320.0,6.9,0.66,49.2,213.9,135.8,132.1,INTERROGATION
S0921,M010,2026-08-27T01:21:32.654731,11.39199,77.733363,320.0,6.8,0.67,45.3,319.6,142.6,134.7,INTERROGATION
S0922,M010,2026-08-27T01:31:32.654731,11.39211,77.734783,320.0,6.8,0.68,51.9,304.4,129.7,97.4,INTERROGATION
S0923,M010,2026-08-27T01:41:32.654731,11.392852,77.733527,320.0,6.8,0.63,44.9,203.9,129.4,138.4,INTERROGATION
S0924,M010,2026-08-27T01:51:32.654731,11.391261,77.733868,320.0,6.8,1.4,50.4,328.6,132.5,128.8,INTERROGATION
S0925,M010,2026-08-27T02:01:32.654731,11.39169,77.73481,320.0,6.8,0.66,50.0,305.8,137.9,75.4,INTERROGATION
S0926,M010,2026-08-27T02:11:32.654731,11.392605,77.73467,320.0,6.9,0.69,51.4,331.5,76.7,130.1,INTERROGATION
S0927,M010,2026-08-27T02:21:32.654731,11.392519,77.734709,320.0,6.8,0.66,47.9,313.2,81.4,130.2,INTERROGATION
S0928,M010,2026-08-27T02:31:32.654731,11.391999,77.73433,320.0,6.2,0.65,50.8,323.2,136.2,125.5,INTERROGATION
S0929,M010,2026-08-27T02:41:32.654731,11.392269,77.733583,320.0,6.7,0.63,49.3,312.1,141.4,134.9,INTERROGATION
S0930,M010,2026-08-27T02:51:32.654731,11.391358,77.734923,320.0,6.7,0.62,42.3,313.7,138.1,77.8,INTERROGATION
S0931,M010,2026-08-27T03:01:32.654731,11.392607,77.734992,320.0,6.8,0.6,50.0,315.6,79.1,129.6,INTERROGATION
S0932,M010,2026-08-27T03:11:32.654731,11.39181,77.733874,320.0,6.9,1.4,50.6,322.6,135.6,123.1,INTERROGATION
S0933,M010,2026-08-27T03:21:32.654731,11.392011,77.733302,320.0,7.0,0.67,51.8,324.8,132.2,130.5,INTERROGATION
S0934,M010,2026-08-27T03:31:32.654731,11.391409,77.734377,320.0,6.8,0.64,52.0,303.4,139.8,126.3,INTERROGATION
S0935,M010,2026-08-27T03:41:32.654731,11.392359,77.733893,320.0,6.9,0.69,50.0,235.1,137.2,129.4,INTERROGATION
S0936,M010,2026-08-27T03:51:32.654731,11.392673,77.734361,320.0,6.7,0.63,47.2,303.2,135.6,122.5,INTERROGATION
S0937,M010,2026-08-27T04:01:32.654731,11.391497,77.735078,320.0,6.8,0.68,46.8,333.4,129.2,86.5,INTERROGATION
S0938,M010,2026-08-27T04:11:32.654731,11.391742,77.734344,320.0,7.0,0.65,45.8,308.7,134.1,129.5,INTERROGATION
S0939,M010,2026-08-27T04:21:32.654731,11.391386,77.734775,320.0,6.8,0.64,49.6,316.9,127.3,76.4,INTERROGATION
S0940,M010,2026-08-27T04:31:32.654731,11.392132,77.733983,320.0,6.3,0.65,51.3,312.4,139.2,128.3,INTERROGATION
S0941,M010,2026-08-27T04:41:32.654731,11.392018,77.734604,320.0,6.7,0.67,46.9,313.3,133.1,88.4,INTERROGATION
S0942,M010,2026-08-27T04:51:32.654731,11.391915,77.734331,320.0,6.4,0.67,48.5,330.5,134.7,129.3,INTERROGATION
S0943,M010,2026-08-27T05:01:32.654731,11.392236,77.735028,320.0,6.8,0.67,46.4,315.1,132.9,106.8,INTERROGATION
S0944,M010,2026-08-27T05:11:32.654731,11.392108,77.734134,320.0,5.9,0.6,48.8,323.8,137.4,119.4,INTERROGATION
S0945,M010,2026-08-27T05:21:32.654731,11.391866,77.734643,320.0,6.9,0.67,45.8,325.3,133.5,73.4,INTERROGATION
S0946,M010,2026-08-27T05:31:32.654731,11.391795,77.734669,320.0,6.7,0.64,48.7,319.5,137.2,73.7,INTERROGATION
S0947,M010,2026-08-27T05:41:32.654731,11.391979,77.733411,320.0,7.0,0.65,50.7,320.3,133.1,129.0,INTERROGATION
S0948,M010,2026-08-27T05:51:32.654731,11.392887,77.733976,320.0,6.9,0.66,51.0,214.2,133.3,127.1,INTERROGATION
S0949,M010,2026-08-27T06:01:32.654731,11.39146,77.734772,320.0,6.9,0.62,48.1,325.5,126.7,84.2,INTERROGATION
S0950,M010,2026-08-27T06:11:32.654731,11.391786,77.734155,320.0,6.7,0.65,47.8,327.9,138.0,131.2,INTERROGATION
S0951,M010,2026-08-27T06:21:32.654731,11.391907,77.735049,320.0,6.9,0.61,48.3,320.5,138.3,83.9,INTERROGATION
S0952,M010,2026-08-27T06:31:32.654731,11.392138,77.733775,320.0,6.8,0.69,44.8,329.2,144.5,128.5,INTERROGATION
S0953,M010,2026-08-27T06:41:32.654731,11.391929,77.733646,320.0,6.8,0.67,46.5,332.4,130.5,123.0,INTERROGATION
S0954,M010,2026-08-27T06:51:32.654731,11.391936,77.734281,320.0,6.2,0.74,48.0,311.0,134.8,129.8,INTERROGATION
S0955,M010,2026-08-27T07:01:32.654731,11.39288,77.734393,320.0,6.7,0.7,48.6,325.8,84.5,135.1,INTERROGATION
S0956,M010,2026-08-27T07:11:32.654731,11.392929,77.734789,320.0,6.8,0.66,45.7,312.0,83.7,128.2,INTERROGATION
S0957,M010,2026-08-27T07:21:32.654731,11.391257,77.733421,320.0,6.7,1.34,49.7,315.0,134.5,130.1,INTERROGATION
S0958,M010,2026-08-27T07:31:32.654731,11.391973,77.734031,320.0,6.4,0.63,50.6,327.7,137.9,137.3,INTERROGATION
S0959,M010,2026-08-27T07:41:32.654731,11.392903,77.734095,320.0,6.8,0.72,53.0,320.1,136.5,135.4,INTERROGATION
S0960,M010,2026-08-27T07:51:32.654731,11.392837,77.735012,320.0,6.8,0.63,50.2,320.6,82.9,126.7,INTERROGATION
S0961,M010,2026-08-27T08:01:32.654731,11.392158,77.733771,320.0,6.9,0.64,51.6,314.4,130.8,129.7,INTERROGATION
S0962,M010,2026-08-27T08:11:32.654731,11.392871,77.734116,320.0,6.7,0.69,52.9,319.7,140.0,125.8,INTERROGATION
S0963,M010,2026-08-27T08:21:32.654731,11.392458,77.734575,320.0,6.9,0.65,40.6,314.9,77.0,126.1,INTERROGATION
S0964,M010,2026-08-27T08:31:32.654731,11.391275,77.734445,320.0,6.7,0.62,46.2,329.0,132.4,83.4,INTERROGATION
S0965,M010,2026-08-27T08:41:32.654731,11.392595,77.733519,320.0,6.8,0.56,50.6,214.1,130.8,126.1,INTERROGATION
S0966,M010,2026-08-27T08:51:32.654731,11.391462,77.733812,320.0,6.8,1.41,45.2,332.3,131.3,135.0,INTERROGATION
S0967,M010,2026-08-27T09:01:32.654731,11.391722,77.734276,320.0,6.9,0.65,46.9,322.0,136.9,132.8,INTERROGATION
S0968,M010,2026-08-27T09:11:32.654731,11.3923,77.734789,320.0,6.7,0.64,55.4,325.8,92.6,135.6,INTERROGATION
S0969,M010,2026-08-27T09:21:32.654731,11.392908,77.734939,320.0,6.8,0.66,47.9,306.1,82.4,134.8,INTERROGATION
S0970,M010,2026-08-27T09:31:32.654731,11.392547,77.733536,320.0,6.9,0.62,46.9,194.9,131.7,124.8,INTERROGATION
S0971,M010,2026-08-27T09:41:32.654731,11.392475,77.733957,320.0,6.7,0.65,46.7,225.8,140.2,133.5,INTERROGATION
S0972,M010,2026-08-27T09:51:32.654731,11.391577,77.734907,320.0,6.7,0.71,46.1,325.3,139.2,74.4,INTERROGATION
S0973,M010,2026-08-27T10:01:32.654731,11.392453,77.734689,320.0,6.9,0.64,44.8,316.0,78.7,130.2,INTERROGATION
S0974,M010,2026-08-27T10:11:32.654731,11.391759,77.734128,320.0,6.8,0.71,49.2,324.9,137.3,131.6,INTERROGATION
S0975,M010,2026-08-27T10:21:32.654731,11.392372,77.734855,320.0,6.8,0.63,47.4,322.5,79.5,131.3,INTERROGATION
S0976,M010,2026-08-27T10:31:32.654731,11.392738,77.734543,320.0,6.9,0.65,44.7,317.2,78.8,122.7,INTERROGATION
S0977,M010,2026-08-27T10:41:32.654731,11.392156,77.734762,320.0,6.8,0.69,46.4,324.6,134.6,93.8,INTERROGATION
S0978,M010,2026-08-27T10:51:32.654731,11.392452,77.734034,320.0,6.8,0.67,43.3,329.4,139.2,130.4,INTERROGATION
S0979,M010,2026-08-27T11:01:32.654731,11.392843,77.73377,320.0,7.0,0.6,50.0,200.6,134.9,129.0,INTERROGATION
S0980,M010,2026-08-27T11:11:32.654731,11.392079,77.733322,320.0,6.7,0.68,43.5,324.3,133.7,125.3,INTERROGATION
S0981,M010,2026-08-27T11:21:32.654731,11.391618,77.734264,320.0,6.8,0.61,49.2,312.6,133.2,131.2,INTERROGATION
S0982,M010,2026-08-27T11:31:32.654731,11.392042,77.733411,320.0,6.7,0.67,52.4,342.3,135.4,133.2,INTERROGATION
S0983,M010,2026-08-27T11:41:32.654731,11.39225,77.734019,320.0,6.5,0.64,51.1,318.0,133.2,131.9,INTERROGATION
S0984,M010,2026-08-27T11:51:32.654731,11.392462,77.733815,320.0,6.7,0.62,45.7,214.4,132.5,124.6,INTERROGATION
S0985,M010,2026-08-27T12:01:32.654731,11.392057,77.733363,320.0,6.7,0.62,53.3,313.1,133.7,128.5,INTERROGATION
S0986,M010,2026-08-27T12:11:32.654731,11.392748,77.733752,320.0,6.9,0.64,44.9,213.4,134.6,136.9,INTERROGATION
S0987,M010,2026-08-27T12:21:32.654731,11.392664,77.735036,320.0,6.6,0.66,52.8,317.2,79.6,131.2,INTERROGATION
S0988,M010,2026-08-27T12:31:32.654731,11.392854,77.734779,320.0,6.8,0.64,47.2,315.0,83.2,131.8,INTERROGATION
S0989,M010,2026-08-27T12:41:32.654731,11.392819,77.734427,320.0,6.8,0.63,46.5,320.0,79.8,128.0,INTERROGATION
S0990,M010,2026-08-27T12:51:32.654731,11.392365,77.734134,320.0,6.3,0.64,52.3,321.0,138.0,130.4,INTERROGATION
S0991,M010,2026-08-27T13:01:32.654731,11.39188,77.734133,320.0,6.4,0.63,46.0,316.0,142.0,139.6,INTERROGATION
S0992,M010,2026-08-27T13:11:32.654731,11.391336,77.734564,320.0,6.7,0.66,52.5,318.0,125.5,83.1,INTERROGATION
S0993,M010,2026-08-27T13:21:32.654731,11.39178,77.734403,320.0,6.8,0.66,47.8,313.7,139.1,83.5,INTERROGATION
S0994,M010,2026-08-27T13:31:32.654731,11.391953,77.734091,320.0,6.4,0.67,48.2,316.5,132.9,125.7,INTERROGATION
S0995,M010,2026-08-27T13:41:32.654731,11.391826,77.734143,320.0,6.5,0.64,49.5,319.7,138.2,135.4,INTERROGATION
S0996,M010,2026-08-27T13:51:32.654731,11.392362,77.734801,320.0,6.8,0.62,49.8,333.4,82.0,137.7,INTERROGATION
S0997,M010,2026-08-27T14:01:32.654731,11.391882,77.733906,320.0,6.9,1.35,51.3,319.9,131.5,129.1,INTERROGATION
S0998,M010,2026-08-27T14:11:32.654731,11.39131,77.733375,320.0,6.7,1.34,50.4,327.0,136.5,123.1,INTERROGATION
S0999,M010,2026-08-27T14:21:32.654731,11.391459,77.733527,320.0,6.8,1.44,50.9,315.3,130.7,130.1,INTERROGATION
S1000,M011,2026-08-27T14:31:32.654731,11.392531,77.73401,320.0,6.7,0.61,42.6,218.5,132.8,124.3,INTERROGATION
